10100,3,S18_1749,30,136
10100,2,S18_2248,50,55.09
10100,4,S18_4409,22,75.46
10100,1,S24_3969,49,35.29
10101,4,S18_2325,25,108.06
10101,1,S18_2795,26,167.06
10101,3,S24_1937,45,32.53
10101,2,S24_2022,46,44.35
10102,2,S18_1342,39,95.55
10102,1,S18_1367,41,43.13
10103,11,S10_1949,26,214.3
10103,4,S10_4962,42,119.67
10103,8,S12_1666,27,121.64
10103,10,S18_1097,35,94.5
10103,2,S18_2432,22,58.34
10103,12,S18_2949,27,92.19
10103,14,S18_2957,35,61.84
10103,13,S18_3136,25,86.92
10103,16,S18_3320,46,86.31
10103,5,S18_4600,36,98.07
10103,9,S18_4668,41,40.75
10103,1,S24_2300,36,107.34
10103,15,S24_4258,25,88.62
10103,3,S32_1268,31,92.46
10103,7,S32_3522,45,63.35
10103,6,S700_2824,42,94.07
10104,1,S12_3148,34,131.44
10104,9,S12_4473,41,111.39
10104,8,S18_2238,24,135.9
10104,12,S18_2319,29,122.73
10104,13,S18_3232,23,165.95
10104,3,S18_4027,38,119.2
10104,6,S24_1444,35,52.02
10104,10,S24_2840,44,30.41
10104,5,S24_4048,26,106.45
10104,11,S32_2509,35,51.95
10104,4,S32_3207,49,56.55
10104,7,S50_1392,33,114.59
10104,2,S50_1514,32,53.31
10105,2,S10_4757,50,127.84
10105,15,S12_1108,41,205.72
10105,14,S12_3891,29,141.88
10105,11,S18_3140,22,136.59
10105,13,S18_3259,38,87.73
10105,10,S18_4522,41,75.48
10105,9,S24_2011,43,117.97
10105,4,S24_3151,44,73.46
10105,1,S24_3816,50,75.47
10105,5,S700_1138,41,54
10105,12,S700_1938,29,86.61
10105,3,S700_2610,31,60.72
10105,6,S700_3505,39,92.16
10105,7,S700_3962,22,99.31
10105,8,S72_3212,25,44.77
10106,12,S18_1662,36,134.04
10106,2,S18_2581,34,81.1
10106,18,S18_3029,41,80.86
10106,17,S18_3856,41,94.22
10106,4,S24_1785,28,107.23
10106,13,S24_2841,49,65.77
10106,14,S24_3420,31,55.89
10106,11,S24_3949,50,55.96
10106,3,S24_4278,26,71
10106,5,S32_4289,33,65.35
10106,6,S50_1341,39,35.78
10106,7,S700_1691,31,91.34
10106,16,S700_2047,30,85.09
10106,9,S700_2466,34,99.72
10106,1,S700_2834,32,113.9
10106,8,S700_3167,44,76
10106,10,S700_4002,48,70.33
10106,15,S72_1253,48,43.7
10107,2,S10_1678,30,81.35
10107,5,S10_2016,39,105.86
10107,4,S10_4698,27,172.36
10107,1,S12_2823,21,122
10107,6,S18_2625,29,52.7
10107,3,S24_1578,25,96.92
10107,7,S24_2000,38,73.12
10107,8,S32_1374,20,88.9
10108,6,S12_1099,33,165.38
10108,4,S12_3380,45,96.3
10108,7,S12_3990,39,75.81
10108,3,S12_4675,36,107.1
10108,2,S18_1889,38,67.76
10108,9,S18_3278,26,73.17
10108,8,S18_3482,29,132.29
10108,12,S18_3782,43,52.84
10108,11,S18_4721,44,139.87
10108,15,S24_2360,35,64.41
10108,5,S24_3371,30,60.01
10108,1,S24_3856,40,132
10108,10,S24_4620,31,67.1
10108,13,S32_2206,27,36.21
10108,16,S32_4485,31,87.76
10108,14,S50_4713,34,74.85
10109,4,S18_1129,26,117.48
10109,3,S18_1984,38,137.98
10109,1,S18_2870,26,126.72
10109,5,S18_3232,46,160.87
10109,2,S18_3685,47,125.74
10109,6,S24_2972,29,32.1
10110,16,S18_1589,37,118.22
10110,7,S18_1749,42,153
10110,6,S18_2248,32,51.46
10110,4,S18_2325,33,115.69
10110,1,S18_2795,31,163.69
10110,8,S18_4409,28,81.91
10110,9,S18_4933,42,62
10110,13,S24_1046,36,72.02
10110,15,S24_1628,29,43.27
10110,3,S24_1937,20,28.88
10110,2,S24_2022,39,40.77
10110,11,S24_2766,43,82.69
10110,10,S24_2887,46,112.74
10110,12,S24_3191,27,80.47
10110,14,S24_3432,37,96.37
10110,5,S24_3969,48,35.29
10111,6,S18_1342,33,87.33
10111,5,S18_1367,48,48.52
10111,2,S18_2957,28,53.09
10111,1,S18_3136,43,94.25
10111,4,S18_3320,39,91.27
10111,3,S24_4258,26,85.7
10112,1,S10_1949,29,197.16
10112,2,S18_2949,23,85.1
10113,2,S12_1666,21,121.64
10113,4,S18_1097,49,101.5
10113,3,S18_4668,50,43.27
10113,1,S32_3522,23,58.82
10114,8,S10_4962,31,128.53
10114,3,S18_2319,39,106.78
10114,6,S18_2432,45,53.48
10114,4,S18_3232,48,169.34
10114,9,S18_4600,41,105.34
10114,5,S24_2300,21,102.23
10114,1,S24_2840,24,28.64
10114,7,S32_1268,32,88.61
10114,2,S32_2509,28,43.83
10114,10,S700_2824,42,82.94
10115,5,S12_4473,46,111.39
10115,4,S18_2238,46,140.81
10115,2,S24_1444,47,56.64
10115,1,S24_4048,44,106.45
10115,3,S50_1392,27,100.7
10116,1,S32_3207,27,60.28
10117,9,S12_1108,33,195.33
10117,10,S12_3148,43,148.06
10117,8,S12_3891,39,173.02
10117,5,S18_3140,26,121.57
10117,7,S18_3259,21,81.68
10117,12,S18_4027,22,122.08
10117,4,S18_4522,23,73.73
10117,3,S24_2011,41,119.2
10117,11,S50_1514,21,55.65
10117,6,S700_1938,38,75.35
10117,1,S700_3962,45,89.38
10117,2,S72_3212,50,52.42
10118,1,S700_3505,36,86.15
10119,11,S10_4757,46,112.88
10119,3,S18_1662,43,151.38
10119,9,S18_3029,21,74.84
10119,8,S18_3856,27,95.28
10119,4,S24_2841,41,64.4
10119,13,S24_3151,35,72.58
10119,5,S24_3420,20,63.12
10119,10,S24_3816,35,82.18
10119,2,S24_3949,28,62.1
10119,14,S700_1138,25,57.34
10119,7,S700_2047,29,74.23
10119,12,S700_2610,38,67.22
10119,1,S700_4002,26,63.67
10119,6,S72_1253,28,40.22
10120,3,S10_2016,29,118.94
10120,2,S10_4698,46,158.8
10120,8,S18_2581,29,82.79
10120,4,S18_2625,46,57.54
10120,1,S24_1578,35,110.45
10120,10,S24_1785,39,93.01
10120,5,S24_2000,34,72.36
10120,9,S24_4278,29,71.73
10120,6,S32_1374,22,94.9
10120,11,S32_4289,29,68.79
10120,12,S50_1341,49,41.46
10120,13,S700_1691,47,91.34
10120,15,S700_2466,24,81.77
10120,7,S700_2834,24,106.79
10120,14,S700_3167,43,72
10121,5,S10_1678,34,86.13
10121,4,S12_2823,50,126.52
10121,2,S24_2360,32,58.18
10121,3,S32_4485,25,95.93
10121,1,S50_4713,44,72.41
10122,10,S12_1099,42,155.66
10122,8,S12_3380,37,113.92
10122,11,S12_3990,32,65.44
10122,7,S12_4675,20,104.8
10122,2,S18_1129,34,114.65
10122,6,S18_1889,43,62.37
10122,1,S18_1984,31,113.8
10122,3,S18_3232,25,137.17
10122,13,S18_3278,21,69.15
10122,12,S18_3482,21,133.76
10122,16,S18_3782,35,59.06
10122,15,S18_4721,28,145.82
10122,4,S24_2972,39,34.74
10122,9,S24_3371,34,50.82
10122,5,S24_3856,43,136.22
10122,14,S24_4620,29,67.1
10122,17,S32_2206,31,33.79
10123,2,S18_1589,26,120.71
10123,3,S18_2870,46,114.84
10123,4,S18_3685,34,117.26
10123,1,S24_1628,50,43.27
10124,6,S18_1749,21,153
10124,5,S18_2248,42,58.12
10124,3,S18_2325,42,111.87
10124,7,S18_4409,36,75.46
10124,8,S18_4933,23,66.28
10124,12,S24_1046,22,62.47
10124,2,S24_1937,45,30.53
10124,1,S24_2022,22,36.29
10124,10,S24_2766,32,74.51
10124,9,S24_2887,25,93.95
10124,11,S24_3191,49,76.19
10124,13,S24_3432,43,101.73
10124,4,S24_3969,46,36.11
10125,1,S18_1342,32,89.38
10125,2,S18_2795,34,138.38
10126,11,S10_1949,38,205.73
10126,4,S10_4962,22,122.62
10126,8,S12_1666,21,135.3
10126,10,S18_1097,38,116.67
10126,17,S18_1367,42,51.21
10126,2,S18_2432,43,51.05
10126,12,S18_2949,31,93.21
10126,14,S18_2957,46,61.84
10126,13,S18_3136,30,93.2
10126,16,S18_3320,38,94.25
10126,5,S18_4600,50,102.92
10126,9,S18_4668,43,47.29
10126,1,S24_2300,27,122.68
10126,15,S24_4258,34,83.76
10126,3,S32_1268,43,82.83
10126,7,S32_3522,26,62.05
10126,6,S700_2824,45,97.1
10127,2,S12_1108,46,193.25
10127,3,S12_3148,46,140.5
10127,1,S12_3891,42,169.56
10127,11,S12_4473,24,100.73
10127,10,S18_2238,45,140.81
10127,14,S18_2319,45,114.14
10127,15,S18_3232,22,149.02
10127,5,S18_4027,25,126.39
10127,8,S24_1444,20,50.86
10127,12,S24_2840,39,34.3
10127,7,S24_4048,20,107.63
10127,13,S32_2509,45,46.53
10127,6,S32_3207,29,60.9
10127,9,S50_1392,46,111.12
10127,4,S50_1514,46,55.65
10128,2,S18_3140,41,120.2
10128,4,S18_3259,41,80.67
10128,1,S18_4522,43,77.24
10128,3,S700_1938,32,72.75
10129,2,S10_4757,33,123.76
10129,9,S24_2011,45,113.06
10129,4,S24_3151,41,81.43
10129,1,S24_3816,50,76.31
10129,5,S700_1138,31,58.67
10129,3,S700_2610,45,72.28
10129,6,S700_3505,42,90.15
10129,7,S700_3962,30,94.34
10129,8,S72_3212,32,44.23
10130,2,S18_3029,40,68.82
10130,1,S18_3856,33,99.52
10131,4,S18_1662,21,141.92
10131,5,S24_2841,35,60.97
10131,6,S24_3420,29,52.6
10131,3,S24_3949,50,54.59
10131,8,S700_2047,22,76.94
10131,1,S700_2466,40,86.76
10131,2,S700_4002,26,63.67
10131,7,S72_1253,21,40.22
10132,1,S700_3167,36,80
10133,3,S18_2581,49,80.26
10133,5,S24_1785,41,109.42
10133,4,S24_4278,46,61.58
10133,1,S32_1374,23,80.91
10133,6,S32_4289,49,67.41
10133,7,S50_1341,27,37.09
10133,8,S700_1691,24,76.73
10133,2,S700_2834,27,115.09
10134,2,S10_1678,41,90.92
10134,5,S10_2016,27,116.56
10134,4,S10_4698,31,187.85
10134,1,S12_2823,20,131.04
10134,6,S18_2625,30,51.48
10134,3,S24_1578,35,94.67
10134,7,S24_2000,43,75.41
10135,7,S12_1099,42,173.17
10135,5,S12_3380,48,110.39
10135,8,S12_3990,24,72.62
10135,4,S12_4675,29,103.64
10135,3,S18_1889,48,66.99
10135,10,S18_3278,45,65.94
10135,9,S18_3482,42,139.64
10135,13,S18_3782,45,49.74
10135,12,S18_4721,31,133.92
10135,16,S24_2360,29,67.18
10135,1,S24_2972,20,34.36
10135,6,S24_3371,27,52.05
10135,2,S24_3856,47,139.03
10135,11,S24_4620,23,76.8
10135,14,S32_2206,33,38.62
10135,17,S32_4485,30,91.85
10135,15,S50_4713,44,78.92
10136,2,S18_1129,25,117.48
10136,1,S18_1984,36,120.91
10136,3,S18_3232,41,169.34
10137,2,S18_1589,44,115.73
10137,3,S18_2870,37,110.88
10137,4,S18_3685,31,118.68
10137,1,S24_1628,26,40.25
10138,6,S18_1749,33,149.6
10138,5,S18_2248,22,51.46
10138,3,S18_2325,38,114.42
10138,7,S18_4409,47,79.15
10138,8,S18_4933,23,64.86
10138,12,S24_1046,45,59.53
10138,2,S24_1937,22,33.19
10138,1,S24_2022,33,38.53
10138,10,S24_2766,28,73.6
10138,9,S24_2887,30,96.3
10138,11,S24_3191,49,77.05
10138,13,S24_3432,21,99.58
10138,4,S24_3969,29,32.82
10139,7,S18_1342,31,89.38
10139,6,S18_1367,49,52.83
10139,8,S18_2795,41,151.88
10139,1,S18_2949,46,91.18
10139,3,S18_2957,20,52.47
10139,2,S18_3136,20,101.58
10139,5,S18_3320,30,81.35
10139,4,S24_4258,29,93.49
10140,11,S10_1949,37,186.44
10140,4,S10_4962,26,131.49
10140,8,S12_1666,38,118.9
10140,10,S18_1097,32,95.67
10140,2,S18_2432,46,51.05
10140,5,S18_4600,40,100.5
10140,9,S18_4668,29,40.25
10140,1,S24_2300,47,118.84
10140,3,S32_1268,26,87.64
10140,7,S32_3522,28,62.05
10140,6,S700_2824,36,101.15
10141,5,S12_4473,21,114.95
10141,4,S18_2238,39,160.46
10141,8,S18_2319,47,103.09
10141,9,S18_3232,34,143.94
10141,2,S24_1444,20,50.86
10141,6,S24_2840,21,32.18
10141,1,S24_4048,40,104.09
10141,7,S32_2509,24,53.03
10141,3,S50_1392,44,94.92
10142,12,S12_1108,33,166.24
10142,13,S12_3148,33,140.5
10142,11,S12_3891,46,167.83
10142,8,S18_3140,47,129.76
10142,10,S18_3259,22,95.8
10142,15,S18_4027,24,122.08
10142,7,S18_4522,24,79.87
10142,6,S24_2011,33,114.29
10142,1,S24_3151,49,74.35
10142,16,S32_3207,42,60.9
10142,14,S50_1514,42,56.24
10142,2,S700_1138,41,55.34
10142,9,S700_1938,43,77.08
10142,3,S700_3505,21,92.16
10142,4,S700_3962,38,91.37
10142,5,S72_3212,39,46.96
10143,15,S10_4757,49,133.28
10143,7,S18_1662,32,126.15
10143,13,S18_3029,46,70.54
10143,12,S18_3856,34,99.52
10143,8,S24_2841,27,63.71
10143,9,S24_3420,33,59.83
10143,14,S24_3816,23,74.64
10143,6,S24_3949,28,55.96
10143,1,S50_1341,34,34.91
10143,2,S700_1691,36,86.77
10143,11,S700_2047,26,87.8
10143,4,S700_2466,26,79.78
10143,16,S700_2610,31,69.39
10143,3,S700_3167,28,70.4
10143,5,S700_4002,34,65.15
10143,10,S72_1253,37,49.66
10144,1,S32_4289,20,56.41
10145,6,S10_1678,45,76.56
10145,9,S10_2016,37,104.67
10145,8,S10_4698,33,154.93
10145,5,S12_2823,49,146.1
10145,14,S18_2581,30,71.81
10145,10,S18_2625,30,52.7
10145,7,S24_1578,43,103.68
10145,16,S24_1785,40,87.54
10145,11,S24_2000,47,63.98
10145,3,S24_2360,27,56.1
10145,15,S24_4278,33,71.73
10145,12,S32_1374,33,99.89
10145,1,S32_2206,31,39.43
10145,4,S32_4485,27,95.93
10145,2,S50_4713,38,73.22
10145,13,S700_2834,20,113.9
10146,2,S18_3782,47,60.3
10146,1,S18_4721,29,130.94
10147,7,S12_1099,48,161.49
10147,5,S12_3380,31,110.39
10147,8,S12_3990,21,74.21
10147,4,S12_4675,33,97.89
10147,3,S18_1889,26,70.84
10147,10,S18_3278,36,74.78
10147,9,S18_3482,37,129.35
10147,1,S24_2972,25,33.23
10147,6,S24_3371,30,48.98
10147,2,S24_3856,23,123.58
10147,11,S24_4620,31,72.76
10148,13,S18_1129,23,114.65
10148,9,S18_1589,47,108.26
10148,12,S18_1984,25,136.56
10148,10,S18_2870,27,113.52
10148,14,S18_3232,32,143.94
10148,11,S18_3685,28,135.63
10148,1,S18_4409,34,83.75
10148,2,S18_4933,29,66.28
10148,6,S24_1046,25,65.41
10148,8,S24_1628,47,46.29
10148,4,S24_2766,21,77.24
10148,3,S24_2887,34,115.09
10148,5,S24_3191,31,71.91
10148,7,S24_3432,27,96.37
10149,4,S18_1342,50,87.33
10149,3,S18_1367,30,48.52
10149,11,S18_1749,34,156.4
10149,10,S18_2248,24,50.85
10149,8,S18_2325,33,125.86
10149,5,S18_2795,23,167.06
10149,2,S18_3320,42,89.29
10149,7,S24_1937,36,31.2
10149,6,S24_2022,49,39.87
10149,9,S24_3969,26,38.57
10149,1,S24_4258,20,90.57
10150,8,S10_1949,45,182.16
10150,1,S10_4962,20,121.15
10150,5,S12_1666,30,135.3
10150,7,S18_1097,34,95.67
10150,9,S18_2949,47,93.21
10150,11,S18_2957,30,56.21
10150,10,S18_3136,26,97.39
10150,2,S18_4600,49,111.39
10150,6,S18_4668,30,47.29
10150,4,S32_3522,49,62.05
10150,3,S700_2824,20,95.08
10151,3,S12_4473,24,114.95
10151,2,S18_2238,43,152.27
10151,6,S18_2319,49,106.78
10151,9,S18_2432,39,58.34
10151,7,S18_3232,21,167.65
10151,8,S24_2300,42,109.9
10151,4,S24_2840,30,29.35
10151,10,S32_1268,27,84.75
10151,5,S32_2509,41,43.29
10151,1,S50_1392,26,108.81
10152,1,S18_4027,35,117.77
10152,4,S24_1444,25,49.13
10152,3,S24_4048,23,112.37
10152,2,S32_3207,33,57.17
10153,11,S12_1108,20,201.57
10153,12,S12_3148,42,128.42
10153,10,S12_3891,49,155.72
10153,7,S18_3140,31,125.66
10153,9,S18_3259,29,82.69
10153,6,S18_4522,22,82.5
10153,5,S24_2011,40,111.83
10153,13,S50_1514,31,53.31
10153,1,S700_1138,43,58
10153,8,S700_1938,31,80.55
10153,2,S700_3505,50,87.15
10153,3,S700_3962,20,85.41
10153,4,S72_3212,50,51.87
10154,2,S24_3151,31,75.23
10154,1,S700_2610,36,59.27
10155,13,S10_4757,32,129.2
10155,5,S18_1662,38,138.77
10155,11,S18_3029,44,83.44
10155,10,S18_3856,29,105.87
10155,6,S24_2841,23,62.34
10155,7,S24_3420,34,56.55
10155,12,S24_3816,37,76.31
10155,4,S24_3949,44,58.69
10155,9,S700_2047,32,89.61
10155,2,S700_2466,20,87.75
10155,1,S700_3167,43,76.8
10155,3,S700_4002,44,70.33
10155,8,S72_1253,34,49.16
10156,1,S50_1341,20,43.64
10156,2,S700_1691,48,77.64
10157,3,S18_2581,33,69.27
10157,5,S24_1785,40,89.72
10157,4,S24_4278,33,66.65
10157,1,S32_1374,34,83.91
10157,6,S32_4289,28,56.41
10157,2,S700_2834,48,109.16
10158,1,S24_2000,22,67.79
10159,14,S10_1678,49,81.35
10159,17,S10_2016,37,101.1
10159,16,S10_4698,22,170.42
10159,2,S12_1099,41,188.73
10159,13,S12_2823,38,131.04
10159,3,S12_3990,24,67.03
10159,18,S18_2625,42,51.48
10159,5,S18_3278,21,66.74
10159,4,S18_3482,25,129.35
10159,8,S18_3782,21,54.71
10159,7,S18_4721,32,142.85
10159,15,S24_1578,44,100.3
10159,11,S24_2360,27,67.18
10159,1,S24_3371,50,49.6
10159,6,S24_4620,23,80.84
10159,9,S32_2206,35,39.43
10159,12,S32_4485,23,86.74
10159,10,S50_4713,31,78.11
10160,6,S12_3380,46,96.3
10160,5,S12_4675,50,93.28
10160,4,S18_1889,38,70.84
10160,1,S18_3232,20,140.55
10160,2,S24_2972,42,30.59
10160,3,S24_3856,35,130.6
10161,12,S18_1129,28,121.72
10161,8,S18_1589,43,102.04
10161,11,S18_1984,48,139.41
10161,9,S18_2870,23,125.4
10161,10,S18_3685,36,132.8
10161,1,S18_4933,25,62.72
10161,5,S24_1046,37,73.49
10161,7,S24_1628,23,47.29
10161,3,S24_2766,20,82.69
10161,2,S24_2887,25,108.04
10161,4,S24_3191,20,72.77
10161,6,S24_3432,30,94.23
10162,2,S18_1342,48,87.33
10162,1,S18_1367,45,45.28
10162,9,S18_1749,29,141.1
10162,8,S18_2248,27,53.28
10162,6,S18_2325,38,113.15
10162,3,S18_2795,48,156.94
10162,10,S18_4409,39,86.51
10162,5,S24_1937,37,27.55
10162,4,S24_2022,43,38.98
10162,7,S24_3969,37,32.82
10163,1,S10_1949,21,212.16
10163,2,S18_2949,31,101.31
10163,4,S18_2957,48,59.96
10163,3,S18_3136,40,101.58
10163,6,S18_3320,43,80.36
10163,5,S24_4258,42,96.42
10164,2,S10_4962,21,143.31
10164,6,S12_1666,49,121.64
10164,8,S18_1097,36,103.84
10164,3,S18_4600,45,107.76
10164,7,S18_4668,25,46.29
10164,1,S32_1268,24,91.49
10164,5,S32_3522,49,57.53
10164,4,S700_2824,39,86.99
10165,3,S12_1108,44,168.32
10165,4,S12_3148,34,123.89
10165,2,S12_3891,27,152.26
10165,12,S12_4473,48,109.02
10165,11,S18_2238,29,134.26
10165,15,S18_2319,46,120.28
10165,18,S18_2432,31,60.77
10165,16,S18_3232,47,154.1
10165,1,S18_3259,50,84.71
10165,6,S18_4027,28,123.51
10165,9,S24_1444,25,46.82
10165,17,S24_2300,32,117.57
10165,13,S24_2840,27,31.12
10165,8,S24_4048,24,106.45
10165,14,S32_2509,48,50.86
10165,7,S32_3207,44,55.3
10165,10,S50_1392,48,106.49
10165,5,S50_1514,38,49.21
10166,2,S18_3140,43,136.59
10166,1,S18_4522,26,72.85
10166,3,S700_1938,29,76.22
10167,9,S10_4757,44,123.76
10167,1,S18_1662,43,141.92
10167,7,S18_3029,46,69.68
10167,6,S18_3856,34,84.7
10167,16,S24_2011,33,110.6
10167,2,S24_2841,21,54.81
10167,11,S24_3151,20,77
10167,3,S24_3420,32,64.44
10167,8,S24_3816,29,73.8
10167,12,S700_1138,43,66
10167,5,S700_2047,29,87.8
10167,10,S700_2610,46,62.16
10167,13,S700_3505,24,85.14
10167,14,S700_3962,28,83.42
10167,4,S72_1253,40,42.71
10167,15,S72_3212,38,43.68
10168,1,S10_1678,36,94.74
10168,4,S10_2016,27,97.53
10168,3,S10_4698,20,160.74
10168,9,S18_2581,21,75.19
10168,5,S18_2625,46,49.06
10168,2,S24_1578,50,103.68
10168,11,S24_1785,49,93.01
10168,6,S24_2000,29,72.36
10168,18,S24_3949,27,57.32
10168,10,S24_4278,48,68.1
10168,7,S32_1374,28,89.9
10168,12,S32_4289,31,57.78
10168,13,S50_1341,48,39.71
10168,14,S700_1691,28,91.34
10168,16,S700_2466,31,87.75
10168,8,S700_2834,36,94.92
10168,15,S700_3167,48,72
10168,17,S700_4002,39,67.37
10169,2,S12_1099,30,163.44
10169,13,S12_2823,35,126.52
10169,3,S12_3990,36,71.82
10169,5,S18_3278,32,65.13
10169,4,S18_3482,36,136.7
10169,8,S18_3782,38,52.84
10169,7,S18_4721,33,120.53
10169,11,S24_2360,38,66.49
10169,1,S24_3371,34,53.27
10169,6,S24_4620,24,77.61
10169,9,S32_2206,26,37.01
10169,12,S32_4485,34,83.68
10169,10,S50_4713,48,75.66
10170,4,S12_3380,47,116.27
10170,3,S12_4675,41,93.28
10170,2,S18_1889,20,70.07
10170,1,S24_3856,34,130.6
10171,2,S18_1129,35,134.46
10171,1,S18_1984,35,128.03
10171,3,S18_3232,39,165.95
10171,4,S24_2972,36,34.74
10172,6,S18_1589,42,109.51
10172,7,S18_2870,39,117.48
10172,8,S18_3685,48,139.87
10172,3,S24_1046,32,61
10172,5,S24_1628,34,43.27
10172,1,S24_2766,22,79.97
10172,2,S24_3191,24,77.91
10172,4,S24_3432,22,87.81
10173,6,S18_1342,43,101.71
10173,5,S18_1367,48,51.75
10173,13,S18_1749,24,168.3
10173,12,S18_2248,26,55.09
10173,10,S18_2325,31,127.13
10173,7,S18_2795,22,140.06
10173,2,S18_2957,28,56.84
10173,1,S18_3136,31,86.92
10173,4,S18_3320,29,90.28
10173,14,S18_4409,21,77.31
10173,15,S18_4933,39,58.44
10173,9,S24_1937,31,29.87
10173,8,S24_2022,27,39.42
10173,16,S24_2887,23,98.65
10173,11,S24_3969,35,35.7
10173,3,S24_4258,22,93.49
10174,4,S10_1949,34,207.87
10174,1,S12_1666,43,113.44
10174,3,S18_1097,48,108.5
10174,5,S18_2949,46,100.3
10174,2,S18_4668,49,44.27
10175,9,S10_4962,33,119.67
10175,1,S12_4473,26,109.02
10175,4,S18_2319,48,101.87
10175,7,S18_2432,41,59.55
10175,5,S18_3232,29,150.71
10175,10,S18_4600,47,102.92
10175,6,S24_2300,28,121.4
10175,2,S24_2840,37,32.18
10175,8,S32_1268,22,89.57
10175,3,S32_2509,50,50.86
10175,12,S32_3522,29,56.24
10175,11,S700_2824,42,80.92
10176,2,S12_1108,33,166.24
10176,3,S12_3148,47,145.04
10176,1,S12_3891,50,160.91
10176,10,S18_2238,20,139.17
10176,5,S18_4027,36,140.75
10176,8,S24_1444,27,55.49
10176,7,S24_4048,29,101.72
10176,6,S32_3207,22,62.14
10176,9,S50_1392,23,109.96
10176,4,S50_1514,38,52.14
10177,9,S18_3140,23,113.37
10177,11,S18_3259,29,92.77
10177,8,S18_4522,35,82.5
10177,7,S24_2011,50,115.52
10177,2,S24_3151,45,79.66
10177,3,S700_1138,24,58.67
10177,10,S700_1938,31,77.95
10177,1,S700_2610,32,64.33
10177,4,S700_3505,44,88.15
10177,5,S700_3962,24,83.42
10177,6,S72_3212,40,52.96
10178,12,S10_4757,24,131.92
10178,4,S18_1662,42,127.73
10178,10,S18_3029,41,70.54
10178,9,S18_3856,48,104.81
10178,5,S24_2841,34,67.82
10178,6,S24_3420,27,65.75
10178,11,S24_3816,21,68.77
10178,3,S24_3949,30,64.15
10178,8,S700_2047,34,86.9
10178,1,S700_2466,22,91.74
10178,2,S700_4002,45,68.11
10178,7,S72_1253,45,41.71
10179,3,S18_2581,24,82.79
10179,5,S24_1785,47,105.04
10179,4,S24_4278,27,66.65
10179,1,S32_1374,45,86.9
10179,6,S32_4289,24,63.97
10179,7,S50_1341,34,43.2
10179,8,S700_1691,23,75.81
10179,2,S700_2834,25,98.48
10179,9,S700_3167,39,80
10180,9,S10_1678,29,76.56
10180,12,S10_2016,42,99.91
10180,11,S10_4698,41,164.61
10180,8,S12_2823,40,131.04
10180,13,S18_2625,25,48.46
10180,3,S18_3782,21,59.06
10180,2,S18_4721,44,147.31
10180,10,S24_1578,48,98.05
10180,14,S24_2000,28,61.7
10180,6,S24_2360,35,60.95
10180,1,S24_4620,28,68.71
10180,4,S32_2206,34,33.39
10180,7,S32_4485,22,102.05
10180,5,S50_4713,21,74.85
10181,14,S12_1099,27,155.66
10181,12,S12_3380,28,113.92
10181,15,S12_3990,20,67.03
10181,11,S12_4675,36,107.1
10181,6,S18_1129,44,124.56
10181,2,S18_1589,42,124.44
10181,10,S18_1889,22,74.69
10181,5,S18_1984,21,129.45
10181,3,S18_2870,27,130.68
10181,7,S18_3232,45,147.33
10181,17,S18_3278,30,73.17
10181,16,S18_3482,22,120.53
10181,4,S18_3685,39,137.04
10181,1,S24_1628,34,45.28
10181,8,S24_2972,37,32.85
10181,13,S24_3371,23,54.49
10181,9,S24_3856,25,122.17
10182,3,S18_1342,25,83.22
10182,2,S18_1367,32,44.21
10182,10,S18_1749,44,159.8
10182,9,S18_2248,38,54.49
10182,7,S18_2325,20,105.52
10182,4,S18_2795,21,135
10182,1,S18_3320,33,86.31
10182,11,S18_4409,36,88.35
10182,12,S18_4933,44,61.29
10182,16,S24_1046,47,63.2
10182,6,S24_1937,39,31.86
10182,5,S24_2022,31,39.87
10182,14,S24_2766,36,87.24
10182,13,S24_2887,20,116.27
10182,15,S24_3191,33,73.62
10182,17,S24_3432,49,95.3
10182,8,S24_3969,23,34.88
10183,8,S10_1949,23,180.01
10183,1,S10_4962,28,127.06
10183,5,S12_1666,41,114.8
10183,7,S18_1097,21,108.5
10183,9,S18_2949,37,91.18
10183,11,S18_2957,39,51.22
10183,10,S18_3136,22,90.06
10183,2,S18_4600,21,118.66
10183,6,S18_4668,40,42.26
10183,12,S24_4258,47,81.81
10183,4,S32_3522,49,52.36
10183,3,S700_2824,23,85.98
10184,6,S12_4473,37,105.47
10184,5,S18_2238,46,145.72
10184,9,S18_2319,46,119.05
10184,12,S18_2432,44,60.77
10184,10,S18_3232,28,165.95
10184,3,S24_1444,31,57.22
10184,11,S24_2300,24,117.57
10184,7,S24_2840,42,30.06
10184,2,S24_4048,49,114.73
10184,13,S32_1268,46,84.75
10184,8,S32_2509,33,52.49
10184,1,S32_3207,48,59.03
10184,4,S50_1392,45,92.6
10185,13,S12_1108,21,195.33
10185,14,S12_3148,33,146.55
10185,12,S12_3891,43,147.07
10185,9,S18_3140,28,124.3
10185,11,S18_3259,49,94.79
10185,16,S18_4027,39,127.82
10185,8,S18_4522,47,87.77
10185,7,S24_2011,30,105.69
10185,2,S24_3151,33,83.2
10185,15,S50_1514,20,46.86
10185,3,S700_1138,21,64.67
10185,10,S700_1938,30,79.68
10185,1,S700_2610,39,61.44
10185,4,S700_3505,37,99.17
10185,5,S700_3962,22,93.35
10185,6,S72_3212,28,47.5
10186,9,S10_4757,26,108.8
10186,1,S18_1662,32,137.19
10186,7,S18_3029,32,73.12
10186,6,S18_3856,46,98.46
10186,2,S24_2841,22,60.29
10186,3,S24_3420,21,59.83
10186,8,S24_3816,36,68.77
10186,5,S700_2047,24,80.56
10186,4,S72_1253,28,42.71
10187,1,S18_2581,45,70.12
10187,3,S24_1785,46,96.29
10187,10,S24_3949,43,55.96
10187,2,S24_4278,33,64.48
10187,4,S32_4289,31,61.22
10187,5,S50_1341,41,39.71
10187,6,S700_1691,34,84.95
10187,8,S700_2466,44,95.73
10187,7,S700_3167,34,72
10187,9,S700_4002,44,70.33
10188,1,S10_1678,48,95.7
10188,4,S10_2016,38,111.8
10188,3,S10_4698,45,182.04
10188,5,S18_2625,32,52.09
10188,2,S24_1578,25,95.8
10188,6,S24_2000,40,61.7
10188,7,S32_1374,44,81.91
10188,8,S700_2834,29,96.11
10189,1,S12_2823,28,138.57
10190,3,S24_2360,42,58.87
10190,1,S32_2206,46,38.62
10190,4,S32_4485,42,89.8
10190,2,S50_4713,40,67.53
10191,3,S12_1099,21,155.66
10191,1,S12_3380,40,104.52
10191,4,S12_3990,30,70.22
10191,6,S18_3278,36,75.59
10191,5,S18_3482,23,119.06
10191,9,S18_3782,43,60.93
10191,8,S18_4721,32,136.9
10191,2,S24_3371,48,53.27
10191,7,S24_4620,44,77.61
10192,16,S12_4675,27,99.04
10192,11,S18_1129,22,140.12
10192,7,S18_1589,29,100.8
10192,15,S18_1889,45,70.84
10192,10,S18_1984,47,128.03
10192,8,S18_2870,38,110.88
10192,12,S18_3232,26,137.17
10192,9,S18_3685,45,125.74
10192,4,S24_1046,37,72.02
10192,6,S24_1628,47,49.3
10192,2,S24_2766,46,86.33
10192,1,S24_2887,23,112.74
10192,13,S24_2972,30,33.23
10192,3,S24_3191,32,69.34
10192,5,S24_3432,46,93.16
10192,14,S24_3856,45,112.34
10193,7,S18_1342,28,92.47
10193,6,S18_1367,46,46.36
10193,14,S18_1749,21,153
10193,13,S18_2248,42,60.54
10193,11,S18_2325,44,115.69
10193,8,S18_2795,22,143.44
10193,1,S18_2949,28,87.13
10193,3,S18_2957,24,53.09
10193,2,S18_3136,23,97.39
10193,5,S18_3320,32,79.37
10193,15,S18_4409,24,92.03
10193,16,S18_4933,25,66.28
10193,10,S24_1937,26,32.19
10193,9,S24_2022,20,44.8
10193,12,S24_3969,22,38.16
10193,4,S24_4258,20,92.52
10194,11,S10_1949,42,203.59
10194,4,S10_4962,26,134.44
10194,8,S12_1666,38,124.37
10194,10,S18_1097,21,103.84
10194,2,S18_2432,45,51.05
10194,5,S18_4600,32,113.82
10194,9,S18_4668,41,47.79
10194,1,S24_2300,49,112.46
10194,3,S32_1268,37,77.05
10194,7,S32_3522,39,61.41
10194,6,S700_2824,26,80.92
10195,6,S12_4473,49,118.5
10195,5,S18_2238,27,139.17
10195,9,S18_2319,35,112.91
10195,10,S18_3232,50,150.71
10195,3,S24_1444,44,54.33
10195,7,S24_2840,32,31.82
10195,2,S24_4048,34,95.81
10195,8,S32_2509,32,51.95
10195,1,S32_3207,33,59.03
10195,4,S50_1392,49,97.23
10196,5,S12_1108,47,203.64
10196,6,S12_3148,24,151.08
10196,4,S12_3891,38,147.07
10196,1,S18_3140,49,127.03
10196,3,S18_3259,35,81.68
10196,8,S18_4027,27,126.39
10196,7,S50_1514,46,56.82
10196,2,S700_1938,50,84.88
10197,6,S10_4757,45,118.32
10197,4,S18_3029,46,83.44
10197,3,S18_3856,22,85.75
10197,14,S18_4522,50,78.99
10197,13,S24_2011,41,109.37
10197,8,S24_3151,47,83.2
10197,5,S24_3816,22,67.93
10197,9,S700_1138,23,60
10197,2,S700_2047,24,78.75
10197,7,S700_2610,50,66.5
10197,10,S700_3505,27,100.17
10197,11,S700_3962,35,88.39
10197,1,S72_1253,29,39.73
10197,12,S72_3212,42,48.59
10198,4,S18_1662,42,149.81
10198,5,S24_2841,48,60.97
10198,6,S24_3420,27,61.81
10198,3,S24_3949,43,65.51
10198,1,S700_2466,42,94.73
10198,2,S700_4002,40,74.03
10199,1,S50_1341,29,37.97
10199,2,S700_1691,48,81.29
10199,3,S700_3167,38,70.4
10200,3,S18_2581,28,74.34
10200,5,S24_1785,33,99.57
10200,4,S24_4278,39,70.28
10200,1,S32_1374,35,80.91
10200,6,S32_4289,27,65.35
10200,2,S700_2834,39,115.09
10201,2,S10_1678,22,82.3
10201,5,S10_2016,24,116.56
10201,4,S10_4698,49,191.72
10201,1,S12_2823,25,126.52
10201,6,S18_2625,30,48.46
10201,3,S24_1578,39,93.54
10201,7,S24_2000,25,66.27
10202,3,S18_3782,30,55.33
10202,2,S18_4721,43,124.99
10202,6,S24_2360,50,56.1
10202,1,S24_4620,50,75.18
10202,4,S32_2206,27,33.39
10202,7,S32_4485,31,81.64
10202,5,S50_4713,40,79.73
10203,8,S12_1099,20,161.49
10203,6,S12_3380,20,111.57
10203,9,S12_3990,44,63.84
10203,5,S12_4675,47,115.16
10203,4,S18_1889,45,73.15
10203,1,S18_3232,48,157.49
10203,11,S18_3278,33,66.74
10203,10,S18_3482,32,127.88
10203,2,S24_2972,21,33.23
10203,7,S24_3371,34,56.94
10203,3,S24_3856,47,140.43
10204,17,S18_1129,42,114.65
10204,13,S18_1589,40,113.24
10204,4,S18_1749,33,153
10204,16,S18_1984,38,133.72
10204,3,S18_2248,23,59.33
10204,1,S18_2325,26,119.5
10204,14,S18_2870,27,106.92
10204,15,S18_3685,35,132.8
10204,5,S18_4409,29,83.75
10204,6,S18_4933,45,69.84
10204,10,S24_1046,20,69.82
10204,12,S24_1628,45,46.79
10204,8,S24_2766,47,79.06
10204,7,S24_2887,42,112.74
10204,9,S24_3191,40,84.75
10204,11,S24_3432,48,104.94
10204,2,S24_3969,39,34.88
10205,2,S18_1342,36,98.63
10205,1,S18_1367,48,45.82
10205,3,S18_2795,40,138.38
10205,5,S24_1937,32,27.88
10205,4,S24_2022,24,36.74
10206,6,S10_1949,47,203.59
10206,3,S12_1666,28,109.34
10206,5,S18_1097,34,115.5
10206,7,S18_2949,37,98.27
10206,9,S18_2957,28,51.84
10206,8,S18_3136,30,102.63
10206,11,S18_3320,28,99.21
10206,4,S18_4668,21,45.78
10206,10,S24_4258,33,95.44
10206,2,S32_3522,36,54.94
10206,1,S700_2824,33,89.01
10207,15,S10_4962,31,125.58
10207,7,S12_4473,34,95.99
10207,6,S18_2238,44,140.81
10207,10,S18_2319,43,109.23
10207,13,S18_2432,37,60.77
10207,11,S18_3232,25,140.55
10207,1,S18_4027,40,143.62
10207,16,S18_4600,47,119.87
10207,4,S24_1444,49,57.8
10207,12,S24_2300,46,127.79
10207,8,S24_2840,42,30.76
10207,3,S24_4048,28,108.82
10207,14,S32_1268,49,84.75
10207,9,S32_2509,27,51.95
10207,2,S32_3207,45,55.3
10207,5,S50_1392,28,106.49
10208,13,S12_1108,46,176.63
10208,14,S12_3148,26,128.42
10208,12,S12_3891,20,152.26
10208,9,S18_3140,24,117.47
10208,11,S18_3259,48,96.81
10208,8,S18_4522,45,72.85
10208,7,S24_2011,35,122.89
10208,2,S24_3151,20,80.54
10208,15,S50_1514,30,57.99
10208,3,S700_1138,38,56.67
10208,10,S700_1938,40,73.62
10208,1,S700_2610,46,63.61
10208,4,S700_3505,37,95.16
10208,5,S700_3962,33,95.34
10208,6,S72_3212,42,48.05
10209,8,S10_4757,39,129.2
10209,6,S18_3029,28,82.58
10209,5,S18_3856,20,97.4
10209,1,S24_2841,43,66.45
10209,2,S24_3420,36,56.55
10209,7,S24_3816,22,79.67
10209,4,S700_2047,33,90.52
10209,3,S72_1253,48,44.2
10210,2,S10_2016,23,112.99
10210,1,S10_4698,34,189.79
10210,17,S18_1662,31,141.92
10210,7,S18_2581,50,68.43
10210,3,S18_2625,40,51.48
10210,9,S24_1785,27,100.67
10210,4,S24_2000,30,63.22
10210,16,S24_3949,29,56.64
10210,8,S24_4278,40,68.1
10210,5,S32_1374,46,84.91
10210,10,S32_4289,39,57.1
10210,11,S50_1341,43,43.2
10210,12,S700_1691,21,87.69
10210,14,S700_2466,26,93.74
10210,6,S700_2834,25,98.48
10210,13,S700_3167,31,64
10210,15,S700_4002,42,60.7
10211,14,S10_1678,41,90.92
10211,2,S12_1099,41,171.22
10211,13,S12_2823,36,126.52
10211,3,S12_3990,28,79.8
10211,5,S18_3278,35,73.17
10211,4,S18_3482,28,138.17
10211,8,S18_3782,46,60.3
10211,7,S18_4721,41,148.8
10211,15,S24_1578,25,109.32
10211,11,S24_2360,21,62.33
10211,1,S24_3371,48,52.66
10211,6,S24_4620,22,80.84
10211,9,S32_2206,41,39.83
10211,12,S32_4485,37,94.91
10211,10,S50_4713,40,70.78
10212,16,S12_3380,39,99.82
10212,15,S12_4675,33,110.55
10212,10,S18_1129,29,117.48
10212,6,S18_1589,38,105.77
10212,14,S18_1889,20,64.68
10212,9,S18_1984,41,133.72
10212,7,S18_2870,40,117.48
10212,11,S18_3232,40,155.79
10212,8,S18_3685,45,115.85
10212,3,S24_1046,41,61.73
10212,5,S24_1628,45,43.27
10212,1,S24_2766,45,81.78
10212,12,S24_2972,34,37.38
10212,2,S24_3191,27,77.91
10212,4,S24_3432,46,100.66
10212,13,S24_3856,49,117.96
10213,1,S18_4409,38,84.67
10213,2,S18_4933,25,58.44
10213,3,S24_2887,27,97.48
10214,7,S18_1749,30,166.6
10214,6,S18_2248,21,53.28
10214,4,S18_2325,27,125.86
10214,1,S18_2795,50,167.06
10214,3,S24_1937,20,32.19
10214,2,S24_2022,49,39.87
10214,5,S24_3969,44,38.57
10215,3,S10_1949,35,205.73
10215,2,S18_1097,46,100.34
10215,10,S18_1342,27,92.47
10215,9,S18_1367,33,53.91
10215,4,S18_2949,49,97.26
10215,6,S18_2957,31,56.21
10215,5,S18_3136,49,89.01
10215,8,S18_3320,41,84.33
10215,1,S18_4668,46,42.76
10215,7,S24_4258,39,94.47
10216,1,S12_1666,43,133.94
10217,4,S10_4962,48,132.97
10217,2,S18_2432,35,58.34
10217,5,S18_4600,38,118.66
10217,1,S24_2300,28,103.51
10217,3,S32_1268,21,78.97
10217,7,S32_3522,39,56.24
10217,6,S700_2824,31,90.02
10218,1,S18_2319,22,110.46
10218,2,S18_3232,34,152.41
10219,2,S12_4473,48,94.8
10219,1,S18_2238,43,132.62
10219,3,S24_2840,21,31.12
10219,4,S32_2509,35,47.62
10220,2,S12_1108,32,189.1
10220,3,S12_3148,30,151.08
10220,1,S12_3891,27,166.1
10220,5,S18_4027,50,126.39
10220,8,S24_1444,26,48.55
10220,7,S24_4048,37,101.72
10220,6,S32_3207,20,49.71
10220,9,S50_1392,37,92.6
10220,4,S50_1514,30,56.82
10221,3,S18_3140,33,133.86
10221,5,S18_3259,23,89.75
10221,2,S18_4522,39,84.26
10221,1,S24_2011,49,113.06
10221,4,S700_1938,23,69.29
10222,12,S10_4757,49,133.28
10222,4,S18_1662,49,137.19
10222,10,S18_3029,49,79.14
10222,9,S18_3856,45,88.93
10222,5,S24_2841,32,56.86
10222,14,S24_3151,47,74.35
10222,6,S24_3420,43,61.15
10222,11,S24_3816,46,77.99
10222,3,S24_3949,48,55.27
10222,15,S700_1138,31,58.67
10222,8,S700_2047,26,80.56
10222,1,S700_2466,37,90.75
10222,13,S700_2610,36,69.39
10222,16,S700_3505,38,84.14
10222,17,S700_3962,31,81.43
10222,2,S700_4002,43,66.63
10222,7,S72_1253,31,45.19
10222,18,S72_3212,36,48.59
10223,1,S10_1678,37,80.39
10223,4,S10_2016,47,110.61
10223,3,S10_4698,49,189.79
10223,9,S18_2581,47,67.58
10223,5,S18_2625,28,58.75
10223,2,S24_1578,32,104.81
10223,11,S24_1785,34,87.54
10223,6,S24_2000,38,60.94
10223,10,S24_4278,23,68.1
10223,7,S32_1374,21,90.9
10223,12,S32_4289,20,66.73
10223,13,S50_1341,41,41.02
10223,14,S700_1691,25,84.03
10223,8,S700_2834,29,113.9
10223,15,S700_3167,26,79.2
10224,6,S12_2823,43,141.58
10224,1,S18_3782,38,57.2
10224,4,S24_2360,37,60.26
10224,2,S32_2206,43,37.01
10224,5,S32_4485,30,94.91
10224,3,S50_4713,50,81.36
10225,9,S12_1099,27,157.6
10225,7,S12_3380,25,101
10225,10,S12_3990,37,64.64
10225,6,S12_4675,21,100.19
10225,1,S18_1129,32,116.06
10225,5,S18_1889,47,71.61
10225,2,S18_3232,43,162.57
10225,12,S18_3278,37,69.96
10225,11,S18_3482,27,119.06
10225,14,S18_4721,35,135.41
10225,3,S24_2972,42,34.74
10225,8,S24_3371,24,51.43
10225,4,S24_3856,40,130.6
10225,13,S24_4620,46,77.61
10226,4,S18_1589,38,108.26
10226,7,S18_1984,24,129.45
10226,5,S18_2870,24,125.4
10226,6,S18_3685,46,122.91
10226,1,S24_1046,21,65.41
10226,3,S24_1628,36,47.79
10226,2,S24_3432,48,95.3
10227,3,S18_1342,25,85.27
10227,2,S18_1367,31,50.14
10227,10,S18_1749,26,136
10227,9,S18_2248,28,59.93
10227,7,S18_2325,46,118.23
10227,4,S18_2795,29,146.81
10227,1,S18_3320,33,99.21
10227,11,S18_4409,34,87.43
10227,12,S18_4933,37,70.56
10227,6,S24_1937,42,27.22
10227,5,S24_2022,24,39.42
10227,14,S24_2766,47,84.51
10227,13,S24_2887,33,102.17
10227,15,S24_3191,40,78.76
10227,8,S24_3969,27,34.88
10228,2,S10_1949,29,214.3
10228,1,S18_1097,32,100.34
10228,3,S18_2949,24,101.31
10228,5,S18_2957,45,57.46
10228,4,S18_3136,31,100.53
10228,6,S24_4258,33,84.73
10229,9,S10_4962,50,138.88
10229,13,S12_1666,25,110.7
10229,1,S12_4473,36,95.99
10229,4,S18_2319,26,104.32
10229,7,S18_2432,28,53.48
10229,5,S18_3232,22,157.49
10229,10,S18_4600,41,119.87
10229,14,S18_4668,39,43.77
10229,6,S24_2300,48,115.01
10229,2,S24_2840,33,34.65
10229,8,S32_1268,25,78.97
10229,3,S32_2509,23,49.78
10229,12,S32_3522,30,52.36
10229,11,S700_2824,50,91.04
10230,1,S12_3148,43,128.42
10230,8,S18_2238,49,153.91
10230,3,S18_4027,42,142.18
10230,6,S24_1444,36,47.4
10230,5,S24_4048,45,99.36
10230,4,S32_3207,46,59.03
10230,7,S50_1392,34,100.7
10230,2,S50_1514,43,57.41
10231,2,S12_1108,42,193.25
10231,1,S12_3891,49,147.07
10232,6,S18_3140,22,133.86
10232,8,S18_3259,48,97.81
10232,5,S18_4522,23,78.12
10232,4,S24_2011,46,113.06
10232,7,S700_1938,26,84.88
10232,1,S700_3505,48,86.15
10232,2,S700_3962,35,81.43
10232,3,S72_3212,24,48.59
10233,2,S24_3151,40,70.81
10233,3,S700_1138,36,66
10233,1,S700_2610,29,67.94
10234,9,S10_4757,48,118.32
10234,1,S18_1662,50,146.65
10234,7,S18_3029,48,84.3
10234,6,S18_3856,39,85.75
10234,2,S24_2841,44,67.14
10234,3,S24_3420,25,65.09
10234,8,S24_3816,31,78.83
10234,5,S700_2047,29,83.28
10234,4,S72_1253,40,45.69
10235,3,S18_2581,24,81.95
10235,5,S24_1785,23,89.72
10235,12,S24_3949,33,55.27
10235,4,S24_4278,40,63.03
10235,1,S32_1374,41,90.9
10235,6,S32_4289,34,66.73
10235,7,S50_1341,41,37.09
10235,8,S700_1691,25,88.6
10235,10,S700_2466,38,92.74
10235,2,S700_2834,25,116.28
10235,9,S700_3167,32,73.6
10235,11,S700_4002,34,70.33
10236,1,S10_2016,22,105.86
10236,2,S18_2625,23,52.7
10236,3,S24_2000,36,65.51
10237,7,S10_1678,23,91.87
10237,9,S10_4698,39,158.8
10237,6,S12_2823,32,129.53
10237,1,S18_3782,26,49.74
10237,8,S24_1578,20,109.32
10237,4,S24_2360,26,62.33
10237,2,S32_2206,26,35
10237,5,S32_4485,27,94.91
10237,3,S50_4713,20,78.92
10238,3,S12_1099,28,161.49
10238,1,S12_3380,29,104.52
10238,4,S12_3990,20,73.42
10238,6,S18_3278,41,68.35
10238,5,S18_3482,49,144.05
10238,8,S18_4721,44,120.53
10238,2,S24_3371,47,53.88
10238,7,S24_4620,22,67.91
10239,5,S12_4675,21,100.19
10239,4,S18_1889,46,70.07
10239,1,S18_3232,47,135.47
10239,2,S24_2972,20,32.47
10239,3,S24_3856,29,133.41
10240,3,S18_1129,41,125.97
10240,2,S18_1984,37,136.56
10240,1,S18_3685,37,134.22
10241,11,S18_1589,21,119.46
10241,2,S18_1749,41,153
10241,1,S18_2248,33,55.7
10241,12,S18_2870,44,126.72
10241,3,S18_4409,42,77.31
10241,4,S18_4933,30,62.72
10241,8,S24_1046,22,72.02
10241,10,S24_1628,21,47.29
10241,6,S24_2766,47,89.05
10241,5,S24_2887,28,117.44
10241,7,S24_3191,26,69.34
10241,9,S24_3432,27,107.08
10242,1,S24_3969,46,36.52
10243,2,S18_2325,47,111.87
10243,1,S24_1937,33,30.87
10244,7,S18_1342,40,99.66
10244,6,S18_1367,20,48.52
10244,8,S18_2795,43,141.75
10244,1,S18_2949,30,87.13
10244,3,S18_2957,24,54.96
10244,2,S18_3136,29,85.87
10244,5,S18_3320,36,87.3
10244,9,S24_2022,39,42.11
10244,4,S24_4258,40,97.39
10245,9,S10_1949,34,195.01
10245,2,S10_4962,28,147.74
10245,6,S12_1666,38,120.27
10245,8,S18_1097,29,114.34
10245,3,S18_4600,21,111.39
10245,7,S18_4668,45,48.8
10245,1,S32_1268,37,81.86
10245,5,S32_3522,44,54.94
10245,4,S700_2824,44,81.93
10246,5,S12_4473,46,99.54
10246,4,S18_2238,40,144.08
10246,8,S18_2319,22,100.64
10246,11,S18_2432,30,57.73
10246,9,S18_3232,36,145.63
10246,2,S24_1444,44,46.24
10246,10,S24_2300,29,118.84
10246,6,S24_2840,49,34.65
10246,1,S24_4048,46,100.54
10246,7,S32_2509,35,45.45
10246,3,S50_1392,22,113.44
10247,2,S12_1108,44,195.33
10247,3,S12_3148,25,140.5
10247,1,S12_3891,27,167.83
10247,5,S18_4027,48,143.62
10247,6,S32_3207,40,58.41
10247,4,S50_1514,49,51.55
10248,3,S10_4757,20,126.48
10248,1,S18_3029,21,80.86
10248,12,S18_3140,32,133.86
10248,14,S18_3259,42,95.8
10248,11,S18_4522,42,87.77
10248,10,S24_2011,48,122.89
10248,5,S24_3151,30,85.85
10248,2,S24_3816,23,83.02
10248,6,S700_1138,36,66
10248,13,S700_1938,40,81.41
10248,4,S700_2610,32,69.39
10248,7,S700_3505,30,84.14
10248,8,S700_3962,35,92.36
10248,9,S72_3212,23,53.51
10249,5,S18_3856,46,88.93
10249,1,S24_2841,20,54.81
10249,2,S24_3420,25,65.75
10249,4,S700_2047,40,85.99
10249,3,S72_1253,32,49.16
10250,14,S18_1662,45,148.23
10250,4,S18_2581,27,84.48
10250,6,S24_1785,31,95.2
10250,1,S24_2000,32,63.22
10250,13,S24_3949,40,61.42
10250,5,S24_4278,37,72.45
10250,2,S32_1374,31,99.89
10250,7,S32_4289,50,62.6
10250,8,S50_1341,36,36.66
10250,9,S700_1691,31,91.34
10250,11,S700_2466,35,90.75
10250,3,S700_2834,44,98.48
10250,10,S700_3167,44,76
10250,12,S700_4002,38,65.89
10251,2,S10_1678,59,93.79
10251,5,S10_2016,44,115.37
10251,4,S10_4698,43,172.36
10251,1,S12_2823,46,129.53
10251,6,S18_2625,44,58.15
10251,3,S24_1578,50,91.29
10252,2,S18_3278,20,74.78
10252,1,S18_3482,41,145.52
10252,5,S18_3782,31,50.36
10252,4,S18_4721,26,127.97
10252,8,S24_2360,47,63.03
10252,3,S24_4620,38,69.52
10252,6,S32_2206,36,36.21
10252,9,S32_4485,25,93.89
10252,7,S50_4713,48,72.41
10253,13,S12_1099,24,157.6
10253,11,S12_3380,22,102.17
10253,14,S12_3990,25,67.03
10253,10,S12_4675,41,109.4
10253,5,S18_1129,26,130.22
10253,1,S18_1589,24,103.29
10253,9,S18_1889,23,67.76
10253,4,S18_1984,33,130.87
10253,2,S18_2870,37,114.84
10253,6,S18_3232,40,145.63
10253,3,S18_3685,31,139.87
10253,7,S24_2972,40,34.74
10253,12,S24_3371,24,50.82
10253,8,S24_3856,39,115.15
10254,5,S18_1749,49,137.7
10254,4,S18_2248,36,55.09
10254,2,S18_2325,41,102.98
10254,6,S18_4409,34,80.99
10254,7,S18_4933,30,59.87
10254,11,S24_1046,34,66.88
10254,13,S24_1628,32,43.27
10254,1,S24_1937,38,28.88
10254,9,S24_2766,31,85.42
10254,8,S24_2887,33,111.57
10254,10,S24_3191,42,69.34
10254,12,S24_3432,49,101.73
10254,3,S24_3969,20,39.8
10255,1,S18_2795,24,135
10255,2,S24_2022,37,37.63
10256,2,S18_1342,34,93.49
10256,1,S18_1367,29,52.83
10257,1,S18_2949,50,92.19
10257,3,S18_2957,49,59.34
10257,2,S18_3136,37,83.78
10257,5,S18_3320,26,91.27
10257,4,S24_4258,46,81.81
10258,6,S10_1949,32,177.87
10258,3,S12_1666,41,133.94
10258,5,S18_1097,41,113.17
10258,4,S18_4668,21,49.81
10258,2,S32_3522,20,62.7
10258,1,S700_2824,45,86.99
10259,12,S10_4962,26,121.15
10259,4,S12_4473,46,117.32
10259,3,S18_2238,30,134.26
10259,7,S18_2319,34,120.28
10259,10,S18_2432,30,59.55
10259,8,S18_3232,27,152.41
10259,13,S18_4600,41,107.76
10259,1,S24_1444,28,46.82
10259,9,S24_2300,47,121.4
10259,5,S24_2840,31,31.47
10259,11,S32_1268,45,95.35
10259,6,S32_2509,40,45.99
10259,2,S50_1392,29,105.33
10260,5,S12_1108,46,180.79
10260,6,S12_3148,30,140.5
10260,4,S12_3891,44,169.56
10260,1,S18_3140,32,121.57
10260,3,S18_3259,29,92.77
10260,8,S18_4027,23,137.88
10260,10,S24_4048,23,117.1
10260,9,S32_3207,27,55.3
10260,7,S50_1514,21,56.24
10260,2,S700_1938,33,80.55
10261,1,S10_4757,27,116.96
10261,9,S18_4522,20,80.75
10261,8,S24_2011,36,105.69
10261,3,S24_3151,22,79.66
10261,4,S700_1138,34,64
10261,2,S700_2610,44,58.55
10261,5,S700_3505,25,89.15
10261,6,S700_3962,50,88.39
10261,7,S72_3212,29,43.68
10262,9,S18_1662,49,157.69
10262,15,S18_3029,32,81.72
10262,14,S18_3856,34,85.75
10262,1,S24_1785,34,98.48
10262,10,S24_2841,24,63.71
10262,11,S24_3420,46,65.75
10262,16,S24_3816,49,82.18
10262,8,S24_3949,48,58.69
10262,2,S32_4289,40,63.97
10262,3,S50_1341,49,35.78
10262,4,S700_1691,40,87.69
10262,13,S700_2047,44,83.28
10262,6,S700_2466,33,81.77
10262,5,S700_3167,27,64.8
10262,7,S700_4002,35,64.41
10262,12,S72_1253,21,41.71
10263,2,S10_1678,34,89
10263,5,S10_2016,40,107.05
10263,4,S10_4698,41,193.66
10263,1,S12_2823,48,123.51
10263,10,S18_2581,33,67.58
10263,6,S18_2625,34,50.27
10263,3,S24_1578,42,109.32
10263,7,S24_2000,37,67.03
10263,11,S24_4278,24,59.41
10263,8,S32_1374,31,93.9
10263,9,S700_2834,47,117.46
10264,3,S18_3782,48,58.44
10264,2,S18_4721,20,124.99
10264,6,S24_2360,37,61.64
10264,1,S24_4620,47,75.18
10264,4,S32_2206,20,39.02
10264,7,S32_4485,34,100.01
10264,5,S50_4713,47,67.53
10265,2,S18_3278,45,74.78
10265,1,S18_3482,49,123.47
10266,14,S12_1099,44,188.73
10266,12,S12_3380,22,110.39
10266,15,S12_3990,35,67.83
10266,11,S12_4675,40,112.86
10266,6,S18_1129,21,131.63
10266,2,S18_1589,36,99.55
10266,10,S18_1889,33,77
10266,5,S18_1984,49,139.41
10266,3,S18_2870,20,113.52
10266,7,S18_3232,29,137.17
10266,4,S18_3685,33,127.15
10266,1,S24_1628,28,40.25
10266,8,S24_2972,34,35.12
10266,13,S24_3371,47,56.33
10266,9,S24_3856,24,119.37
10267,1,S18_4933,36,71.27
10267,5,S24_1046,40,72.02
10267,3,S24_2766,38,76.33
10267,2,S24_2887,43,93.95
10267,4,S24_3191,44,83.9
10267,6,S24_3432,43,98.51
10268,3,S18_1342,49,93.49
10268,2,S18_1367,26,45.82
10268,10,S18_1749,34,164.9
10268,9,S18_2248,31,60.54
10268,7,S18_2325,50,124.59
10268,4,S18_2795,35,148.5
10268,1,S18_3320,39,96.23
10268,11,S18_4409,35,84.67
10268,6,S24_1937,33,31.86
10268,5,S24_2022,40,36.29
10268,8,S24_3969,30,37.75
10269,1,S18_2957,32,57.46
10269,2,S24_4258,48,95.44
10270,9,S10_1949,21,171.44
10270,2,S10_4962,32,124.1
10270,6,S12_1666,28,135.3
10270,8,S18_1097,43,94.5
10270,10,S18_2949,31,81.05
10270,11,S18_3136,38,85.87
10270,3,S18_4600,38,107.76
10270,7,S18_4668,44,40.25
10270,1,S32_1268,32,93.42
10270,5,S32_3522,21,52.36
10270,4,S700_2824,46,101.15
10271,5,S12_4473,31,99.54
10271,4,S18_2238,50,147.36
10271,8,S18_2319,50,121.5
10271,11,S18_2432,25,59.55
10271,9,S18_3232,20,169.34
10271,2,S24_1444,45,49.71
10271,10,S24_2300,43,122.68
10271,6,S24_2840,38,28.64
10271,1,S24_4048,22,110
10271,7,S32_2509,35,51.95
10271,3,S50_1392,34,93.76
10272,2,S12_1108,35,187.02
10272,3,S12_3148,27,123.89
10272,1,S12_3891,39,148.8
10272,5,S18_4027,25,126.39
10272,6,S32_3207,45,56.55
10272,4,S50_1514,43,53.89
10273,4,S10_4757,30,136
10273,2,S18_3029,34,84.3
10273,13,S18_3140,40,117.47
10273,15,S18_3259,47,87.73
10273,1,S18_3856,50,105.87
10273,12,S18_4522,33,72.85
10273,11,S24_2011,22,103.23
10273,6,S24_3151,27,84.08
10273,3,S24_3816,48,83.86
10273,7,S700_1138,21,66
10273,14,S700_1938,21,77.95
10273,5,S700_2610,42,57.82
10273,8,S700_3505,40,91.15
10273,9,S700_3962,26,89.38
10273,10,S72_3212,37,51.32
10274,1,S18_1662,41,129.31
10274,2,S24_2841,40,56.86
10274,3,S24_3420,24,65.09
10274,5,S700_2047,24,75.13
10274,4,S72_1253,32,49.66
10275,1,S10_1678,45,81.35
10275,4,S10_2016,22,115.37
10275,3,S10_4698,36,154.93
10275,9,S18_2581,35,70.12
10275,5,S18_2625,37,52.09
10275,2,S24_1578,21,105.94
10275,11,S24_1785,25,97.38
10275,6,S24_2000,30,61.7
10275,18,S24_3949,41,58
10275,10,S24_4278,27,67.38
10275,7,S32_1374,23,89.9
10275,12,S32_4289,28,58.47
10275,13,S50_1341,38,40.15
10275,14,S700_1691,32,85.86
10275,16,S700_2466,39,82.77
10275,8,S700_2834,48,102.04
10275,15,S700_3167,43,72
10275,17,S700_4002,31,59.96
10276,3,S12_1099,50,184.84
10276,14,S12_2823,43,150.62
10276,1,S12_3380,47,104.52
10276,4,S12_3990,38,67.83
10276,6,S18_3278,38,78
10276,5,S18_3482,30,139.64
10276,9,S18_3782,33,54.71
10276,8,S18_4721,48,120.53
10276,12,S24_2360,46,61.64
10276,2,S24_3371,20,58.17
10276,7,S24_4620,48,67.1
10276,10,S32_2206,27,35.4
10276,13,S32_4485,38,94.91
10276,11,S50_4713,21,67.53
10277,1,S12_4675,28,93.28
10278,6,S18_1129,34,114.65
10278,2,S18_1589,23,107.02
10278,10,S18_1889,29,73.15
10278,5,S18_1984,29,118.07
10278,3,S18_2870,39,117.48
10278,7,S18_3232,42,167.65
10278,4,S18_3685,31,114.44
10278,1,S24_1628,35,48.8
10278,8,S24_2972,31,37.38
10278,9,S24_3856,25,136.22
10279,1,S18_4933,26,68.42
10279,5,S24_1046,32,68.35
10279,3,S24_2766,49,76.33
10279,2,S24_2887,48,106.87
10279,4,S24_3191,33,78.76
10279,6,S24_3432,48,95.3
10280,2,S10_1949,34,205.73
10280,1,S18_1097,24,98
10280,9,S18_1342,50,87.33
10280,8,S18_1367,27,47.44
10280,16,S18_1749,26,161.5
10280,15,S18_2248,25,53.28
10280,13,S18_2325,37,109.33
10280,10,S18_2795,22,158.63
10280,3,S18_2949,46,82.06
10280,5,S18_2957,43,54.34
10280,4,S18_3136,29,102.63
10280,7,S18_3320,34,99.21
10280,17,S18_4409,35,77.31
10280,12,S24_1937,20,29.87
10280,11,S24_2022,45,36.29
10280,14,S24_3969,33,35.29
10280,6,S24_4258,21,79.86
10281,9,S10_4962,44,132.97
10281,13,S12_1666,25,127.1
10281,1,S12_4473,41,98.36
10281,4,S18_2319,48,114.14
10281,7,S18_2432,29,56.52
10281,5,S18_3232,25,135.47
10281,10,S18_4600,25,96.86
10281,14,S18_4668,44,42.76
10281,6,S24_2300,25,112.46
10281,2,S24_2840,20,33.95
10281,8,S32_1268,29,80.9
10281,3,S32_2509,31,44.91
10281,12,S32_3522,36,59.47
10281,11,S700_2824,27,89.01
10282,5,S12_1108,41,176.63
10282,6,S12_3148,27,142.02
10282,4,S12_3891,24,169.56
10282,13,S18_2238,23,147.36
10282,1,S18_3140,43,122.93
10282,3,S18_3259,36,88.74
10282,8,S18_4027,31,132.13
10282,11,S24_1444,29,49.71
10282,10,S24_4048,39,96.99
10282,9,S32_3207,36,51.58
10282,12,S50_1392,38,114.59
10282,7,S50_1514,37,56.24
10282,2,S700_1938,43,77.95
10283,6,S10_4757,25,130.56
10283,4,S18_3029,21,78.28
10283,3,S18_3856,46,100.58
10283,14,S18_4522,34,71.97
10283,13,S24_2011,42,99.54
10283,8,S24_3151,34,80.54
10283,5,S24_3816,33,77.15
10283,9,S700_1138,45,62
10283,2,S700_2047,20,74.23
10283,7,S700_2610,47,68.67
10283,10,S700_3505,22,88.15
10283,11,S700_3962,38,85.41
10283,1,S72_1253,43,41.22
10283,12,S72_3212,33,49.14
10284,11,S18_1662,45,137.19
10284,1,S18_2581,31,68.43
10284,3,S24_1785,22,101.76
10284,12,S24_2841,30,65.08
10284,13,S24_3420,39,59.83
10284,10,S24_3949,21,65.51
10284,2,S24_4278,21,66.65
10284,4,S32_4289,50,60.54
10284,5,S50_1341,33,35.78
10284,6,S700_1691,24,87.69
10284,8,S700_2466,45,95.73
10284,7,S700_3167,25,68
10284,9,S700_4002,32,73.29
10285,6,S10_1678,36,95.7
10285,9,S10_2016,47,110.61
10285,8,S10_4698,27,166.55
10285,5,S12_2823,49,131.04
10285,10,S18_2625,20,50.88
10285,7,S24_1578,34,91.29
10285,11,S24_2000,39,61.7
10285,3,S24_2360,38,64.41
10285,12,S32_1374,37,82.91
10285,1,S32_2206,37,36.61
10285,4,S32_4485,26,100.01
10285,2,S50_4713,39,76.48
10285,13,S700_2834,45,102.04
10286,1,S18_3782,38,51.6
10287,12,S12_1099,21,190.68
10287,10,S12_3380,45,117.44
10287,13,S12_3990,41,74.21
10287,9,S12_4675,23,107.1
10287,4,S18_1129,41,113.23
10287,8,S18_1889,44,61.6
10287,3,S18_1984,24,123.76
10287,1,S18_2870,44,114.84
10287,5,S18_3232,36,137.17
10287,15,S18_3278,43,68.35
10287,14,S18_3482,40,127.88
10287,2,S18_3685,27,139.87
10287,17,S18_4721,34,119.04
10287,6,S24_2972,36,31.34
10287,11,S24_3371,20,58.17
10287,7,S24_3856,36,137.62
10287,16,S24_4620,40,79.22
10288,14,S18_1589,20,120.71
10288,5,S18_1749,32,168.3
10288,4,S18_2248,28,50.25
10288,2,S18_2325,31,102.98
10288,6,S18_4409,35,90.19
10288,7,S18_4933,23,57.02
10288,11,S24_1046,36,66.88
10288,13,S24_1628,50,49.3
10288,1,S24_1937,29,32.19
10288,9,S24_2766,35,81.78
10288,8,S24_2887,48,109.22
10288,10,S24_3191,34,76.19
10288,12,S24_3432,41,101.73
10288,3,S24_3969,33,37.75
10289,2,S18_1342,38,92.47
10289,1,S18_1367,24,44.75
10289,3,S18_2795,43,141.75
10289,4,S24_2022,45,41.22
10290,2,S18_3320,26,80.36
10290,1,S24_4258,45,83.76
10291,11,S10_1949,37,210.01
10291,4,S10_4962,30,141.83
10291,8,S12_1666,41,123
10291,10,S18_1097,41,96.84
10291,2,S18_2432,26,52.26
10291,12,S18_2949,47,99.28
10291,14,S18_2957,37,56.21
10291,13,S18_3136,23,93.2
10291,5,S18_4600,48,96.86
10291,9,S18_4668,29,45.28
10291,1,S24_2300,48,109.9
10291,3,S32_1268,26,82.83
10291,7,S32_3522,32,53
10291,6,S700_2824,28,86.99
10292,8,S12_4473,21,94.8
10292,7,S18_2238,26,140.81
10292,11,S18_2319,41,103.09
10292,12,S18_3232,21,147.33
10292,2,S18_4027,44,114.9
10292,5,S24_1444,40,48.55
10292,9,S24_2840,39,34.3
10292,4,S24_4048,27,113.55
10292,10,S32_2509,50,54.11
10292,3,S32_3207,31,59.65
10292,6,S50_1392,41,113.44
10292,1,S50_1514,35,49.79
10293,8,S12_1108,46,187.02
10293,9,S12_3148,24,129.93
10293,7,S12_3891,45,171.29
10293,4,S18_3140,24,110.64
10293,6,S18_3259,22,91.76
10293,3,S18_4522,49,72.85
10293,2,S24_2011,21,111.83
10293,5,S700_1938,29,77.95
10293,1,S72_3212,32,51.32
10294,1,S700_3962,45,98.32
10295,1,S10_4757,24,136
10295,3,S24_3151,46,84.08
10295,4,S700_1138,26,62
10295,2,S700_2610,44,71.56
10295,5,S700_3505,34,93.16
10296,7,S18_1662,36,146.65
10296,13,S18_3029,21,69.68
10296,12,S18_3856,22,105.87
10296,8,S24_2841,21,60.97
10296,9,S24_3420,31,63.78
10296,14,S24_3816,22,83.02
10296,6,S24_3949,32,63.46
10296,1,S50_1341,26,41.02
10296,2,S700_1691,42,75.81
10296,11,S700_2047,34,89.61
10296,4,S700_2466,24,96.73
10296,3,S700_3167,22,74.4
10296,5,S700_4002,47,61.44
10296,10,S72_1253,21,46.68
10297,4,S18_2581,25,81.95
10297,6,S24_1785,32,107.23
10297,1,S24_2000,32,70.08
10297,5,S24_4278,23,71.73
10297,2,S32_1374,26,88.9
10297,7,S32_4289,28,63.29
10297,3,S700_2834,35,111.53
10298,1,S10_2016,39,105.86
10298,2,S18_2625,32,60.57
10299,9,S10_1678,23,76.56
10299,11,S10_4698,29,164.61
10299,8,S12_2823,24,123.51
10299,3,S18_3782,39,62.17
10299,2,S18_4721,49,119.04
10299,10,S24_1578,47,107.07
10299,6,S24_2360,33,58.87
10299,1,S24_4620,32,66.29
10299,4,S32_2206,24,36.21
10299,7,S32_4485,38,84.7
10299,5,S50_4713,44,77.29
10300,5,S12_1099,33,184.84
10300,3,S12_3380,29,116.27
10300,6,S12_3990,22,76.61
10300,2,S12_4675,23,95.58
10300,1,S18_1889,41,63.14
10300,8,S18_3278,49,65.94
10300,7,S18_3482,23,144.05
10300,4,S24_3371,31,52.05
10301,8,S18_1129,37,114.65
10301,4,S18_1589,32,118.22
10301,7,S18_1984,47,119.49
10301,5,S18_2870,22,113.52
10301,9,S18_3232,23,135.47
10301,6,S18_3685,39,137.04
10301,1,S24_1046,27,64.67
10301,3,S24_1628,22,40.75
10301,10,S24_2972,48,32.1
10301,2,S24_3432,22,86.73
10301,11,S24_3856,50,122.17
10302,1,S18_1749,43,166.6
10302,2,S18_4409,38,82.83
10302,3,S18_4933,23,70.56
10302,5,S24_2766,49,75.42
10302,4,S24_2887,45,104.52
10302,6,S24_3191,48,74.48
10303,2,S18_2248,46,56.91
10303,1,S24_3969,24,35.7
10304,6,S10_1949,47,201.44
10304,3,S12_1666,39,117.54
10304,5,S18_1097,46,106.17
10304,13,S18_1342,37,95.55
10304,12,S18_1367,37,46.9
10304,17,S18_2325,24,102.98
10304,14,S18_2795,20,141.75
10304,7,S18_2949,46,98.27
10304,9,S18_2957,24,54.34
10304,8,S18_3136,26,90.06
10304,11,S18_3320,38,95.24
10304,4,S18_4668,34,44.27
10304,16,S24_1937,23,29.21
10304,15,S24_2022,44,42.11
10304,10,S24_4258,33,80.83
10304,2,S32_3522,36,52.36
10304,1,S700_2824,40,80.92
10305,13,S10_4962,38,130.01
10305,5,S12_4473,38,107.84
10305,4,S18_2238,27,132.62
10305,8,S18_2319,36,117.82
10305,11,S18_2432,41,58.95
10305,9,S18_3232,37,160.87
10305,14,S18_4600,22,112.6
10305,2,S24_1444,45,48.55
10305,10,S24_2300,24,107.34
10305,6,S24_2840,48,30.76
10305,1,S24_4048,36,118.28
10305,12,S32_1268,28,94.38
10305,7,S32_2509,40,48.7
10305,3,S50_1392,42,109.96
10306,13,S12_1108,31,182.86
10306,14,S12_3148,34,145.04
10306,12,S12_3891,20,145.34
10306,9,S18_3140,32,114.74
10306,11,S18_3259,40,83.7
10306,16,S18_4027,23,126.39
10306,8,S18_4522,39,85.14
10306,7,S24_2011,29,109.37
10306,2,S24_3151,31,76.12
10306,17,S32_3207,46,60.28
10306,15,S50_1514,34,51.55
10306,3,S700_1138,50,61.34
10306,10,S700_1938,38,73.62
10306,1,S700_2610,43,62.16
10306,4,S700_3505,32,99.17
10306,5,S700_3962,30,87.39
10306,6,S72_3212,35,48.05
10307,9,S10_4757,22,118.32
10307,1,S18_1662,39,135.61
10307,7,S18_3029,31,71.4
10307,6,S18_3856,48,92.11
10307,2,S24_2841,25,58.23
10307,3,S24_3420,22,64.44
10307,8,S24_3816,22,75.47
10307,5,S700_2047,34,81.47
10307,4,S72_1253,34,44.2
10308,2,S10_2016,34,115.37
10308,1,S10_4698,20,187.85
10308,7,S18_2581,27,81.95
10308,3,S18_2625,34,48.46
10308,9,S24_1785,31,99.57
10308,4,S24_2000,47,68.55
10308,16,S24_3949,43,58
10308,8,S24_4278,44,71.73
10308,5,S32_1374,24,99.89
10308,10,S32_4289,46,61.22
10308,11,S50_1341,47,37.09
10308,12,S700_1691,21,73.07
10308,14,S700_2466,35,88.75
10308,6,S700_2834,31,100.85
10308,13,S700_3167,21,79.2
10308,15,S700_4002,39,62.93
10309,5,S10_1678,41,94.74
10309,4,S12_2823,26,144.6
10309,6,S24_1578,21,96.92
10309,2,S24_2360,24,59.56
10309,3,S32_4485,50,93.89
10309,1,S50_4713,28,74.04
10310,10,S12_1099,33,165.38
10310,8,S12_3380,24,105.7
10310,11,S12_3990,49,77.41
10310,7,S12_4675,25,101.34
10310,2,S18_1129,37,128.8
10310,6,S18_1889,20,66.99
10310,1,S18_1984,24,129.45
10310,3,S18_3232,48,159.18
10310,13,S18_3278,27,70.76
10310,12,S18_3482,49,122
10310,16,S18_3782,42,59.06
10310,15,S18_4721,40,133.92
10310,4,S24_2972,33,33.23
10310,9,S24_3371,38,50.21
10310,5,S24_3856,45,139.03
10310,14,S24_4620,49,75.18
10310,17,S32_2206,36,38.62
10311,9,S18_1589,29,124.44
10311,10,S18_2870,43,114.84
10311,11,S18_3685,32,134.22
10311,1,S18_4409,41,92.03
10311,2,S18_4933,25,66.99
10311,6,S24_1046,26,70.55
10311,8,S24_1628,45,48.8
10311,4,S24_2766,28,89.05
10311,3,S24_2887,43,116.27
10311,5,S24_3191,25,85.61
10311,7,S24_3432,46,91.02
10312,3,S10_1949,48,214.3
10312,2,S18_1097,32,101.5
10312,10,S18_1342,43,102.74
10312,9,S18_1367,25,43.67
10312,17,S18_1749,48,146.2
10312,16,S18_2248,30,48.43
10312,14,S18_2325,31,111.87
10312,11,S18_2795,25,150.19
10312,4,S18_2949,37,91.18
10312,6,S18_2957,35,54.34
10312,5,S18_3136,38,93.2
10312,8,S18_3320,33,84.33
10312,1,S18_4668,39,44.27
10312,13,S24_1937,39,27.88
10312,12,S24_2022,23,43.46
10312,15,S24_3969,31,40.21
10312,7,S24_4258,44,96.42
10313,7,S10_4962,40,141.83
10313,11,S12_1666,21,131.2
10313,2,S18_2319,29,109.23
10313,5,S18_2432,34,52.87
10313,3,S18_3232,25,143.94
10313,8,S18_4600,28,110.18
10313,4,S24_2300,42,102.23
10313,6,S32_1268,27,96.31
10313,1,S32_2509,38,48.7
10313,10,S32_3522,34,55.59
10313,9,S700_2824,30,96.09
10314,5,S12_1108,38,176.63
10314,6,S12_3148,46,125.4
10314,4,S12_3891,36,169.56
10314,14,S12_4473,45,95.99
10314,13,S18_2238,42,135.9
10314,1,S18_3140,20,129.76
10314,3,S18_3259,23,84.71
10314,8,S18_4027,29,129.26
10314,11,S24_1444,44,51.44
10314,15,S24_2840,39,31.82
10314,10,S24_4048,38,111.18
10314,9,S32_3207,35,58.41
10314,12,S50_1392,28,115.75
10314,7,S50_1514,38,50.38
10314,2,S700_1938,23,83.15
10315,7,S18_4522,36,78.12
10315,6,S24_2011,35,111.83
10315,1,S24_3151,24,78.77
10315,2,S700_1138,41,60.67
10315,3,S700_3505,31,99.17
10315,4,S700_3962,37,88.39
10315,5,S72_3212,40,51.32
10316,17,S10_4757,33,126.48
10316,9,S18_1662,27,140.34
10316,15,S18_3029,21,72.26
10316,14,S18_3856,47,89.99
10316,1,S24_1785,25,93.01
10316,10,S24_2841,34,67.14
10316,11,S24_3420,47,55.23
10316,16,S24_3816,25,77.15
10316,8,S24_3949,30,67.56
10316,2,S32_4289,24,59.16
10316,3,S50_1341,34,36.66
10316,4,S700_1691,34,74.9
10316,13,S700_2047,45,73.32
10316,6,S700_2466,23,85.76
10316,18,S700_2610,48,67.22
10316,5,S700_3167,48,77.6
10316,7,S700_4002,44,68.11
10316,12,S72_1253,34,43.7
10317,1,S24_4278,35,69.55
10318,1,S10_1678,46,84.22
10318,4,S10_2016,45,102.29
10318,3,S10_4698,37,189.79
10318,9,S18_2581,31,81.95
10318,5,S18_2625,42,49.67
10318,2,S24_1578,48,93.54
10318,6,S24_2000,26,60.94
10318,7,S32_1374,47,81.91
10318,8,S700_2834,50,102.04
10319,9,S12_2823,30,134.05
10319,1,S18_3278,46,77.19
10319,4,S18_3782,44,54.71
10319,3,S18_4721,45,120.53
10319,7,S24_2360,31,65.8
10319,2,S24_4620,43,78.41
10319,5,S32_2206,29,35
10319,8,S32_4485,22,96.95
10319,6,S50_4713,45,79.73
10320,3,S12_1099,31,184.84
10320,1,S12_3380,35,102.17
10320,4,S12_3990,38,63.84
10320,5,S18_3482,25,139.64
10320,2,S24_3371,26,60.62
10321,15,S12_4675,24,105.95
10321,10,S18_1129,41,123.14
10321,6,S18_1589,44,120.71
10321,14,S18_1889,37,73.92
10321,9,S18_1984,25,142.25
10321,7,S18_2870,27,126.72
10321,11,S18_3232,33,164.26
10321,8,S18_3685,28,138.45
10321,3,S24_1046,30,68.35
10321,5,S24_1628,48,42.76
10321,1,S24_2766,30,74.51
10321,12,S24_2972,37,31.72
10321,2,S24_3191,39,81.33
10321,4,S24_3432,21,103.87
10321,13,S24_3856,26,137.62
10322,1,S10_1949,40,180.01
10322,8,S10_4962,46,141.83
10322,9,S12_1666,27,136.67
10322,10,S18_1097,22,101.5
10322,14,S18_1342,43,92.47
10322,5,S18_1367,41,44.21
10322,6,S18_2325,50,120.77
10322,11,S18_2432,35,57.12
10322,2,S18_2795,36,158.63
10322,12,S18_2949,33,100.3
10322,13,S18_2957,41,54.34
10322,7,S18_3136,48,90.06
10322,3,S24_1937,20,26.55
10322,4,S24_2022,30,40.77
10323,2,S18_3320,33,88.3
10323,1,S18_4600,47,96.86
10324,1,S12_3148,27,148.06
10324,7,S12_4473,26,100.73
10324,8,S18_2238,47,142.45
10324,10,S18_2319,33,105.55
10324,12,S18_3232,27,137.17
10324,13,S18_4027,49,120.64
10324,6,S18_4668,38,49.81
10324,14,S24_1444,25,49.71
10324,2,S24_2300,31,107.34
10324,9,S24_2840,30,29.35
10324,3,S24_4258,33,95.44
10324,11,S32_1268,20,91.49
10324,4,S32_3522,48,60.76
10324,5,S700_2824,34,80.92
10325,6,S10_4757,47,111.52
10325,8,S12_1108,42,193.25
10325,1,S12_3891,24,166.1
10325,9,S18_3140,24,114.74
10325,5,S24_4048,44,114.73
10325,3,S32_2509,38,44.37
10325,2,S32_3207,28,55.3
10325,4,S50_1392,38,99.55
10325,7,S50_1514,44,56.24
10326,6,S18_3259,32,94.79
10326,5,S18_4522,50,73.73
10326,4,S24_2011,41,120.43
10326,3,S24_3151,41,86.74
10326,2,S24_3816,20,81.34
10326,1,S700_1138,39,60.67
10327,6,S18_1662,25,154.54
10327,8,S18_2581,45,74.34
10327,5,S18_3029,25,74.84
10327,7,S700_1938,20,79.68
10327,1,S700_2610,21,65.05
10327,2,S700_3505,43,85.14
10327,3,S700_3962,37,83.42
10327,4,S72_3212,37,48.05
10328,6,S18_3856,34,104.81
10328,14,S24_1785,47,87.54
10328,1,S24_2841,48,67.82
10328,2,S24_3420,20,56.55
10328,3,S24_3949,35,55.96
10328,4,S24_4278,43,69.55
10328,5,S32_4289,24,57.1
10328,7,S50_1341,34,42.33
10328,8,S700_1691,27,84.03
10328,9,S700_2047,41,75.13
10328,10,S700_2466,37,95.73
10328,11,S700_2834,33,117.46
10328,13,S700_3167,33,71.2
10328,12,S700_4002,39,69.59
10329,1,S10_1678,42,80.39
10329,2,S10_2016,20,109.42
10329,3,S10_4698,26,164.61
10329,5,S12_1099,41,182.9
10329,6,S12_2823,24,128.03
10329,13,S12_3380,46,117.44
10329,14,S12_3990,33,74.21
10329,15,S12_4675,39,102.49
10329,9,S18_1889,29,66.22
10329,12,S18_2625,38,55.72
10329,10,S18_3278,38,65.13
10329,7,S24_1578,30,104.81
10329,4,S24_2000,37,71.6
10329,11,S32_1374,45,80.91
10329,8,S72_1253,44,41.22
10330,3,S18_3482,37,136.7
10330,2,S18_3782,29,59.06
10330,4,S18_4721,50,133.92
10330,1,S24_2360,42,56.1
10331,6,S18_1129,46,120.31
10331,14,S18_1589,44,99.55
10331,7,S18_1749,44,154.7
10331,8,S18_1984,30,135.14
10331,10,S18_2870,26,130.68
10331,11,S18_3232,27,169.34
10331,12,S18_3685,26,132.8
10331,13,S24_2972,27,37
10331,9,S24_3371,25,55.11
10331,1,S24_3856,21,139.03
10331,2,S24_4620,41,70.33
10331,3,S32_2206,28,33.39
10331,4,S32_4485,32,100.01
10331,5,S50_4713,20,74.04
10332,15,S18_1342,46,89.38
10332,16,S18_1367,27,51.21
10332,9,S18_2248,38,53.88
10332,8,S18_2325,35,116.96
10332,1,S18_2795,24,138.38
10332,17,S18_2957,26,53.09
10332,18,S18_3136,40,100.53
10332,2,S18_4409,50,92.03
10332,3,S18_4933,21,70.56
10332,4,S24_1046,23,61.73
10332,5,S24_1628,20,47.29
10332,6,S24_1937,45,29.87
10332,10,S24_2022,26,43.01
10332,7,S24_2766,39,84.51
10332,11,S24_2887,44,108.04
10332,12,S24_3191,45,77.91
10332,13,S24_3432,31,94.23
10332,14,S24_3969,41,34.47
10333,3,S10_1949,26,188.58
10333,6,S12_1666,33,121.64
10333,7,S18_1097,29,110.84
10333,5,S18_2949,31,95.23
10333,2,S18_3320,46,95.24
10333,8,S18_4668,24,42.26
10333,1,S24_4258,39,95.44
10333,4,S32_3522,33,62.05
10334,2,S10_4962,26,130.01
10334,6,S18_2319,46,108
10334,1,S18_2432,34,52.87
10334,3,S18_3232,20,147.33
10334,4,S18_4600,49,101.71
10334,5,S24_2300,42,117.57
10335,2,S24_2840,33,32.88
10335,1,S32_1268,44,77.05
10335,3,S32_2509,40,49.78
10336,10,S12_1108,33,176.63
10336,11,S12_3148,33,126.91
10336,1,S12_3891,49,141.88
10336,3,S12_4473,38,95.99
10336,6,S18_2238,49,153.91
10336,12,S18_3140,48,135.22
10336,7,S18_3259,21,100.84
10336,4,S24_1444,45,49.71
10336,5,S24_4048,31,113.55
10336,9,S32_3207,31,59.03
10336,8,S50_1392,23,109.96
10336,2,S700_2824,46,94.07
10337,8,S10_4757,25,131.92
10337,3,S18_4027,36,140.75
10337,2,S18_4522,29,76.36
10337,4,S24_2011,29,119.2
10337,6,S50_1514,21,54.48
10337,9,S700_1938,36,73.62
10337,1,S700_3505,31,84.14
10337,7,S700_3962,36,83.42
10337,5,S72_3212,42,49.14
10338,1,S18_1662,41,137.19
10338,3,S18_3029,28,80.86
10338,2,S18_3856,45,93.17
10339,4,S10_2016,40,117.75
10339,3,S10_4698,39,178.17
10339,2,S18_2581,27,79.41
10339,1,S18_2625,30,48.46
10339,10,S24_1578,27,96.92
10339,7,S24_1785,21,106.14
10339,12,S24_2841,55,67.82
10339,13,S24_3151,55,73.46
10339,14,S24_3420,29,57.86
10339,16,S24_3816,42,72.96
10339,11,S24_3949,45,57.32
10339,5,S700_1138,22,53.34
10339,15,S700_2047,55,86.9
10339,9,S700_2610,50,62.16
10339,8,S700_4002,50,66.63
10339,6,S72_1253,27,49.66
10340,8,S24_2000,55,62.46
10340,1,S24_4278,40,63.76
10340,2,S32_1374,55,95.89
10340,3,S32_4289,39,67.41
10340,4,S50_1341,40,37.09
10340,5,S700_1691,30,73.99
10340,7,S700_2466,55,81.77
10340,6,S700_2834,29,98.48
10341,9,S10_1678,41,84.22
10341,2,S12_1099,45,192.62
10341,8,S12_2823,55,120.5
10341,1,S12_3380,44,111.57
10341,10,S12_3990,36,77.41
10341,7,S12_4675,55,109.4
10341,6,S24_2360,32,63.03
10341,4,S32_4485,31,95.93
10341,3,S50_4713,38,78.11
10341,5,S700_3167,34,70.4
10342,2,S18_1129,40,118.89
10342,1,S18_1889,55,63.14
10342,3,S18_1984,22,115.22
10342,4,S18_3232,30,167.65
10342,5,S18_3278,25,76.39
10342,7,S18_3482,55,136.7
10342,8,S18_3782,26,57.82
10342,11,S18_4721,38,124.99
10342,9,S24_2972,39,30.59
10342,10,S24_3371,48,60.01
10342,6,S24_3856,42,112.34
10343,4,S18_1589,36,109.51
10343,3,S18_2870,25,118.8
10343,2,S18_3685,44,127.15
10343,6,S24_1628,27,44.78
10343,1,S24_4620,30,76.8
10343,5,S32_2206,29,37.41
10344,1,S18_1749,45,168.3
10344,2,S18_2248,40,49.04
10344,3,S18_2325,30,118.23
10344,4,S18_4409,21,80.99
10344,5,S18_4933,26,68.42
10344,7,S24_1046,29,61
10344,6,S24_1937,20,27.88
10345,1,S24_2022,43,38.98
10346,3,S18_1342,42,88.36
10346,1,S24_2766,25,87.24
10346,5,S24_2887,24,117.44
10346,2,S24_3191,24,80.47
10346,6,S24_3432,26,103.87
10346,4,S24_3969,22,38.57
10347,1,S10_1949,30,188.58
10347,2,S10_4962,27,132.97
10347,3,S12_1666,29,132.57
10347,5,S18_1097,42,113.17
10347,7,S18_1367,21,46.36
10347,8,S18_2432,50,51.05
10347,6,S18_2795,21,136.69
10347,9,S18_2949,48,84.09
10347,10,S18_2957,34,60.59
10347,11,S18_3136,45,95.3
10347,12,S18_3320,26,84.33
10347,4,S18_4600,45,115.03
10348,8,S12_1108,48,207.8
10348,4,S12_3148,47,122.37
10348,6,S18_4668,29,43.77
10348,1,S24_2300,37,107.34
10348,2,S24_4258,39,82.78
10348,3,S32_1268,42,90.53
10348,5,S32_3522,31,62.7
10348,7,S700_2824,32,100.14
10349,10,S12_3891,26,166.1
10349,9,S12_4473,48,114.95
10349,8,S18_2238,38,142.45
10349,7,S18_2319,38,117.82
10349,6,S18_3232,48,164.26
10349,5,S18_4027,34,140.75
10349,4,S24_1444,48,50.29
10349,3,S24_2840,36,31.47
10349,2,S24_4048,23,111.18
10349,1,S32_2509,33,44.37
10350,5,S10_4757,26,110.16
10350,6,S18_3029,43,84.3
10350,1,S18_3140,44,135.22
10350,2,S18_3259,41,94.79
10350,3,S18_4522,30,70.22
10350,7,S24_2011,34,98.31
10350,9,S24_3151,30,86.74
10350,10,S24_3816,25,77.15
10350,14,S32_3207,27,61.52
10350,8,S50_1392,31,104.18
10350,17,S50_1514,44,56.82
10350,11,S700_1138,46,56
10350,4,S700_1938,28,76.22
10350,12,S700_2610,29,68.67
10350,13,S700_3505,31,87.15
10350,16,S700_3962,25,97.32
10350,15,S72_3212,20,48.05
10351,1,S18_1662,39,143.5
10351,2,S18_3856,20,104.81
10351,5,S24_2841,25,64.4
10351,4,S24_3420,38,53.92
10351,3,S24_3949,34,68.24
10352,3,S700_2047,23,75.13
10352,2,S700_2466,49,87.75
10352,1,S700_4002,22,62.19
10352,4,S72_1253,49,46.18
10353,1,S18_2581,27,71.81
10353,2,S24_1785,28,107.23
10353,3,S24_4278,35,69.55
10353,5,S32_1374,46,86.9
10353,7,S32_4289,40,68.1
10353,8,S50_1341,40,35.78
10353,9,S700_1691,39,73.07
10353,4,S700_2834,48,98.48
10353,6,S700_3167,43,74.4
10354,6,S10_1678,42,84.22
10354,2,S10_2016,20,95.15
10354,3,S10_4698,42,178.17
10354,9,S12_1099,31,157.6
10354,4,S12_2823,35,141.58
10354,11,S12_3380,29,98.65
10354,12,S12_3990,23,76.61
10354,13,S12_4675,28,100.19
10354,8,S18_1889,21,76.23
10354,10,S18_2625,28,49.06
10354,7,S18_3278,36,69.15
10354,5,S24_1578,21,96.92
10354,1,S24_2000,28,62.46
10355,7,S18_3482,23,117.59
10355,1,S18_3782,31,60.3
10355,2,S18_4721,25,124.99
10355,3,S24_2360,41,56.1
10355,4,S24_2972,36,37.38
10355,6,S24_3371,44,60.62
10355,8,S24_3856,32,137.62
10355,9,S24_4620,28,75.18
10355,10,S32_2206,38,32.99
10355,5,S32_4485,40,93.89
10356,8,S18_1129,43,120.31
10356,9,S18_1342,50,82.19
10356,6,S18_1367,22,44.75
10356,2,S18_1984,27,130.87
10356,3,S18_2325,29,106.79
10356,1,S18_2795,30,158.63
10356,5,S24_1937,48,31.86
10356,7,S24_2022,26,42.11
10356,4,S50_4713,26,78.11
10357,10,S10_1949,32,199.3
10357,9,S10_4962,43,135.92
10357,8,S12_1666,49,109.34
10357,1,S18_1097,39,112
10357,7,S18_2432,41,58.95
10357,6,S18_2949,41,91.18
10357,5,S18_2957,49,59.34
10357,4,S18_3136,44,104.72
10357,3,S18_3320,25,84.33
10357,2,S18_4600,28,105.34
10358,5,S12_3148,49,129.93
10358,9,S12_4473,42,98.36
10358,10,S18_2238,20,142.45
10358,11,S18_2319,20,99.41
10358,12,S18_3232,32,137.17
10358,13,S18_4027,25,117.77
10358,8,S18_4668,30,46.29
10358,14,S24_1444,44,56.07
10358,7,S24_2300,41,127.79
10358,4,S24_2840,36,33.59
10358,6,S24_4258,41,88.62
10358,1,S32_1268,41,82.83
10358,2,S32_3522,36,51.71
10358,3,S700_2824,27,85.98
10359,6,S10_4757,48,122.4
10359,8,S12_1108,42,180.79
10359,5,S12_3891,49,162.64
10359,7,S24_4048,22,108.82
10359,3,S32_2509,36,45.45
10359,1,S32_3207,22,62.14
10359,2,S50_1392,46,99.55
10359,4,S50_1514,25,47.45
10360,12,S18_1662,50,126.15
10360,13,S18_2581,41,68.43
10360,14,S18_3029,46,71.4
10360,8,S18_3140,29,122.93
10360,18,S18_3259,29,94.79
10360,15,S18_3856,40,101.64
10360,1,S18_4522,40,76.36
10360,17,S24_1785,22,106.14
10360,2,S24_2011,31,100.77
10360,16,S24_2841,49,55.49
10360,3,S24_3151,36,70.81
10360,4,S24_3816,22,78.83
10360,5,S700_1138,32,64.67
10360,6,S700_1938,26,86.61
10360,7,S700_2610,30,70.11
10360,9,S700_3505,35,83.14
10360,10,S700_3962,31,92.36
10360,11,S72_3212,31,54.05
10361,13,S10_1678,20,92.83
10361,8,S10_2016,26,114.18
10361,6,S24_3420,34,62.46
10361,7,S24_3949,26,61.42
10361,1,S24_4278,25,68.83
10361,2,S32_4289,49,56.41
10361,3,S50_1341,33,35.78
10361,4,S700_1691,20,88.6
10361,14,S700_2047,24,85.99
10361,9,S700_2466,26,91.74
10361,5,S700_2834,44,107.97
10361,10,S700_3167,44,76.8
10361,11,S700_4002,35,62.19
10361,12,S72_1253,23,47.67
10362,4,S10_4698,22,182.04
10362,1,S12_2823,22,131.04
10362,3,S18_2625,23,53.91
10362,2,S24_1578,50,91.29
10363,3,S12_1099,33,180.95
10363,4,S12_3380,34,106.87
10363,5,S12_3990,34,68.63
10363,6,S12_4675,46,103.64
10363,7,S18_1889,22,61.6
10363,10,S18_3278,46,69.15
10363,11,S18_3482,24,124.94
10363,12,S18_3782,32,52.22
10363,13,S18_4721,28,123.5
10363,8,S24_2000,21,70.08
10363,14,S24_2360,43,56.1
10363,15,S24_3371,21,52.05
10363,1,S24_3856,31,113.75
10363,9,S24_4620,43,75.99
10363,2,S32_1374,50,92.9
10364,1,S32_2206,48,38.22
10365,1,S18_1129,30,116.06
10365,3,S32_4485,22,82.66
10365,2,S50_4713,44,68.34
10366,3,S18_1984,34,116.65
10366,2,S18_2870,49,105.6
10366,1,S18_3232,34,154.1
10367,1,S18_1589,49,105.77
10367,3,S18_1749,37,144.5
10367,4,S18_2248,45,50.25
10367,5,S18_2325,27,124.59
10367,7,S18_2795,32,140.06
10367,6,S18_3685,46,131.39
10367,8,S18_4409,43,77.31
10367,9,S18_4933,44,66.99
10367,10,S24_1046,21,72.76
10367,11,S24_1628,38,50.31
10367,13,S24_1937,23,29.54
10367,12,S24_2022,28,43.01
10367,2,S24_2972,36,36.25
10368,2,S24_2766,40,73.6
10368,5,S24_2887,31,115.09
10368,1,S24_3191,46,83.04
10368,4,S24_3432,20,93.16
10368,3,S24_3969,46,36.52
10369,2,S10_1949,41,195.01
10369,8,S18_1342,44,89.38
10369,7,S18_1367,32,46.36
10369,1,S18_2949,42,100.3
10369,6,S18_2957,28,51.84
10369,5,S18_3136,21,90.06
10369,4,S18_3320,45,80.36
10369,3,S24_4258,40,93.49
10370,4,S10_4962,35,128.53
10370,8,S12_1666,49,128.47
10370,1,S18_1097,27,100.34
10370,5,S18_2319,22,101.87
10370,7,S18_2432,22,60.16
10370,9,S18_3232,27,167.65
10370,6,S18_4600,29,105.34
10370,2,S18_4668,20,41.76
10370,3,S32_3522,25,63.99
10371,6,S12_1108,32,178.71
10371,4,S12_4473,49,104.28
10371,7,S18_2238,25,160.46
10371,12,S24_1444,25,53.75
10371,5,S24_2300,20,126.51
10371,8,S24_2840,45,35.01
10371,9,S24_4048,28,95.81
10371,1,S32_1268,26,82.83
10371,2,S32_2509,20,44.37
10371,11,S32_3207,30,53.44
10371,10,S50_1392,48,97.23
10371,3,S700_2824,34,83.95
10372,4,S12_3148,40,146.55
10372,1,S12_3891,34,140.15
10372,3,S18_3140,28,131.13
10372,5,S18_3259,25,91.76
10372,6,S18_4027,48,119.2
10372,7,S18_4522,41,78.99
10372,8,S24_2011,37,102
10372,9,S50_1514,24,56.82
10372,2,S700_1938,44,74.48
10373,3,S10_4757,39,118.32
10373,4,S18_1662,28,143.5
10373,5,S18_3029,22,75.7
10373,6,S18_3856,50,99.52
10373,7,S24_2841,38,58.92
10373,12,S24_3151,33,82.31
10373,11,S24_3420,46,53.92
10373,10,S24_3816,23,83.86
10373,13,S24_3949,39,62.1
10373,14,S700_1138,44,58
10373,15,S700_2047,32,76.94
10373,16,S700_2610,41,69.39
10373,2,S700_3505,34,94.16
10373,8,S700_3962,37,83.42
10373,17,S700_4002,45,68.11
10373,9,S72_1253,25,44.2
10373,1,S72_3212,29,48.05
10374,5,S10_2016,39,115.37
10374,1,S10_4698,22,158.8
10374,2,S18_2581,42,75.19
10374,4,S18_2625,22,48.46
10374,6,S24_1578,38,112.7
10374,3,S24_1785,46,107.23
10375,12,S10_1678,21,76.56
10375,7,S12_1099,45,184.84
10375,13,S12_2823,49,150.62
10375,9,S24_2000,23,67.03
10375,14,S24_2360,20,60.26
10375,2,S24_4278,43,60.13
10375,3,S32_1374,37,87.9
10375,4,S32_4289,44,59.85
10375,15,S32_4485,41,96.95
10375,5,S50_1341,49,36.22
10375,8,S50_4713,49,69.16
10375,6,S700_1691,37,86.77
10375,1,S700_2466,33,94.73
10375,10,S700_2834,25,98.48
10375,11,S700_3167,44,69.6
10376,1,S12_3380,35,98.65
10377,5,S12_3990,24,65.44
10377,1,S12_4675,50,112.86
10377,2,S18_1129,35,124.56
10377,4,S18_1889,31,61.6
10377,6,S18_1984,36,125.18
10377,3,S18_3232,39,143.94
10378,5,S18_1589,34,121.95
10378,4,S18_3278,22,66.74
10378,10,S18_3482,43,146.99
10378,9,S18_3782,28,60.3
10378,8,S18_4721,49,122.02
10378,7,S24_2972,41,30.59
10378,6,S24_3371,46,52.66
10378,3,S24_3856,33,129.2
10378,2,S24_4620,41,80.84
10378,1,S32_2206,40,35.8
10379,2,S18_1749,39,156.4
10379,1,S18_2248,27,50.85
10379,5,S18_2870,29,113.52
10379,4,S18_3685,32,134.22
10379,3,S24_1628,32,48.8
10380,13,S18_1342,27,88.36
10380,10,S18_2325,40,119.5
10380,8,S18_2795,21,156.94
10380,1,S18_4409,32,78.23
10380,2,S18_4933,24,66.99
10380,3,S24_1046,34,66.88
10380,4,S24_1937,32,29.87
10380,5,S24_2022,27,37.63
10380,6,S24_2766,36,77.24
10380,7,S24_2887,44,111.57
10380,9,S24_3191,44,77.05
10380,11,S24_3432,34,91.02
10380,12,S24_3969,43,32.82
10381,3,S10_1949,36,182.16
10381,6,S10_4962,37,138.88
10381,1,S12_1666,20,132.57
10381,2,S18_1097,48,114.34
10381,9,S18_1367,25,49.6
10381,7,S18_2432,35,60.77
10381,8,S18_2949,41,100.3
10381,4,S18_2957,40,51.22
10381,5,S18_3136,35,93.2
10382,10,S12_1108,34,166.24
10382,11,S12_3148,37,145.04
10382,12,S12_3891,34,143.61
10382,13,S12_4473,32,103.1
10382,5,S18_2238,25,160.46
10382,7,S18_3320,50,84.33
10382,1,S18_4600,39,115.03
10382,2,S18_4668,39,46.29
10382,3,S24_2300,20,120.12
10382,4,S24_4258,33,97.39
10382,6,S32_1268,26,85.72
10382,8,S32_3522,48,57.53
10382,9,S700_2824,34,101.15
10383,11,S18_2319,27,119.05
10383,9,S18_3140,24,125.66
10383,6,S18_3232,47,155.79
10383,12,S18_3259,26,83.7
10383,1,S18_4027,38,137.88
10383,7,S18_4522,28,77.24
10383,2,S24_1444,22,52.6
10383,3,S24_2840,40,33.24
10383,4,S24_4048,21,117.1
10383,5,S32_2509,32,53.57
10383,8,S32_3207,44,55.93
10383,13,S50_1392,29,94.92
10383,10,S50_1514,38,48.62
10384,4,S10_4757,34,129.2
10384,3,S24_2011,28,114.29
10384,2,S24_3151,43,71.69
10384,1,S700_1938,49,71.02
10385,2,S24_3816,37,78.83
10385,1,S700_1138,25,62
10386,7,S18_1662,25,130.88
10386,18,S18_2581,21,72.65
10386,5,S18_3029,37,73.12
10386,6,S18_3856,22,100.58
10386,11,S24_1785,33,101.76
10386,1,S24_2841,39,56.86
10386,9,S24_3420,35,54.57
10386,12,S24_3949,41,55.96
10386,8,S24_4278,50,71.73
10386,13,S700_2047,29,85.09
10386,14,S700_2466,37,90.75
10386,10,S700_2610,37,67.22
10386,17,S700_3167,32,68
10386,2,S700_3505,45,83.14
10386,3,S700_3962,30,80.44
10386,15,S700_4002,44,59.22
10386,16,S72_1253,50,47.67
10386,4,S72_3212,43,52.42
10387,1,S32_1374,44,79.91
10388,4,S10_1678,42,80.39
10388,5,S10_2016,50,118.94
10388,7,S10_4698,21,156.86
10388,6,S12_2823,44,125.01
10388,8,S32_4289,35,58.47
10388,1,S50_1341,27,41.02
10388,2,S700_1691,46,74.9
10388,3,S700_2834,50,111.53
10389,4,S12_1099,26,182.9
10389,6,S12_3380,25,95.13
10389,7,S12_3990,36,76.61
10389,8,S12_4675,47,102.49
10389,3,S18_1889,49,63.91
10389,5,S18_2625,39,52.09
10389,1,S24_1578,45,112.7
10389,2,S24_2000,49,61.7
10390,14,S18_1129,36,117.48
10390,15,S18_1984,34,132.29
10390,16,S18_2325,31,102.98
10390,7,S18_2795,26,162
10390,9,S18_3278,40,75.59
10390,1,S18_3482,50,135.23
10390,2,S18_3782,36,54.09
10390,3,S18_4721,49,122.02
10390,4,S24_2360,35,67.87
10390,5,S24_2972,37,35.87
10390,6,S24_3371,46,51.43
10390,8,S24_3856,45,134.81
10390,10,S24_4620,30,66.29
10390,11,S32_2206,41,39.02
10390,12,S32_4485,45,101.03
10390,13,S50_4713,22,81.36
10391,4,S10_1949,24,195.01
10391,7,S10_4962,37,121.15
10391,9,S12_1666,39,110.7
10391,10,S18_1097,29,114.34
10391,2,S18_1342,35,102.74
10391,3,S18_1367,42,47.44
10391,5,S18_2432,44,57.73
10391,6,S18_2949,32,99.28
10391,8,S24_1937,33,26.55
10391,1,S24_2022,24,36.29
10392,3,S18_2957,37,61.21
10392,2,S18_3136,29,103.67
10392,1,S18_3320,36,98.22
10393,8,S12_3148,35,145.04
10393,10,S12_4473,32,99.54
10393,11,S18_2238,20,137.53
10393,7,S18_2319,38,104.32
10393,9,S18_4600,30,106.55
10393,1,S18_4668,44,41.76
10393,2,S24_2300,33,112.46
10393,3,S24_4258,33,88.62
10393,4,S32_1268,38,84.75
10393,5,S32_3522,31,63.35
10393,6,S700_2824,21,83.95
10394,5,S18_3232,22,135.47
10394,1,S18_4027,37,124.95
10394,2,S24_1444,31,53.18
10394,6,S24_2840,46,35.36
10394,7,S24_4048,37,104.09
10394,3,S32_2509,36,47.08
10394,4,S32_3207,30,55.93
10395,2,S10_4757,32,125.12
10395,1,S12_1108,33,205.72
10395,4,S50_1392,46,98.39
10395,3,S50_1514,45,57.99
10396,3,S12_3891,33,155.72
10396,2,S18_3140,33,129.76
10396,4,S18_3259,24,91.76
10396,5,S18_4522,45,83.38
10396,6,S24_2011,49,100.77
10396,7,S24_3151,27,77
10396,8,S24_3816,37,77.99
10396,1,S700_1138,39,62
10397,5,S700_1938,32,69.29
10397,4,S700_2610,22,62.88
10397,3,S700_3505,48,86.15
10397,2,S700_3962,36,80.44
10397,1,S72_3212,34,52.96
10398,11,S18_1662,33,130.88
10398,15,S18_2581,34,82.79
10398,18,S18_3029,28,70.54
10398,17,S18_3856,45,92.11
10398,16,S24_1785,43,100.67
10398,3,S24_2841,28,60.29
10398,13,S24_3420,34,61.15
10398,2,S24_3949,41,56.64
10398,14,S24_4278,45,65.93
10398,4,S32_4289,22,60.54
10398,5,S50_1341,49,38.84
10398,6,S700_1691,47,78.55
10398,7,S700_2047,36,75.13
10398,8,S700_2466,22,98.72
10398,9,S700_2834,23,102.04
10398,10,S700_3167,29,76.8
10398,12,S700_4002,36,62.19
10398,1,S72_1253,34,41.22
10399,8,S10_1678,40,77.52
10399,7,S10_2016,51,99.91
10399,6,S10_4698,22,156.86
10399,5,S12_2823,29,123.51
10399,4,S18_2625,30,51.48
10399,3,S24_1578,57,104.81
10399,2,S24_2000,58,75.41
10399,1,S32_1374,32,97.89
10400,9,S10_4757,64,134.64
10400,1,S18_1662,34,129.31
10400,7,S18_3029,30,74.84
10400,6,S18_3856,58,88.93
10400,2,S24_2841,24,55.49
10400,3,S24_3420,38,59.18
10400,8,S24_3816,42,74.64
10400,5,S700_2047,46,82.37
10400,4,S72_1253,20,41.71
10401,3,S18_2581,42,75.19
10401,5,S24_1785,38,87.54
10401,12,S24_3949,64,59.37
10401,4,S24_4278,52,65.93
10401,1,S32_1374,49,81.91
10401,6,S32_4289,62,62.6
10401,7,S50_1341,56,41.46
10401,8,S700_1691,11,77.64
10401,10,S700_2466,85,98.72
10401,2,S700_2834,21,96.11
10401,9,S700_3167,77,73.6
10401,11,S700_4002,40,66.63
10402,1,S10_2016,45,118.94
10402,2,S18_2625,55,58.15
10402,3,S24_2000,59,61.7
10403,7,S10_1678,24,85.17
10403,9,S10_4698,66,174.29
10403,6,S12_2823,66,122
10403,1,S18_3782,36,55.33
10403,8,S24_1578,46,109.32
10403,4,S24_2360,27,57.49
10403,2,S32_2206,30,35.8
10403,5,S32_4485,45,88.78
10403,3,S50_4713,31,65.09
10404,3,S12_1099,64,163.44
10404,1,S12_3380,43,102.17
10404,4,S12_3990,77,67.03
10404,6,S18_3278,90,67.54
10404,5,S18_3482,28,127.88
10404,8,S18_4721,48,124.99
10404,2,S24_3371,49,53.27
10404,7,S24_4620,48,65.48
10405,5,S12_4675,97,115.16
10405,4,S18_1889,61,72.38
10405,1,S18_3232,55,147.33
10405,2,S24_2972,47,37.38
10405,3,S24_3856,76,127.79
10406,3,S18_1129,61,124.56
10406,2,S18_1984,48,133.72
10406,1,S18_3685,65,117.26
10407,11,S18_1589,59,114.48
10407,2,S18_1749,76,141.1
10407,1,S18_2248,42,58.12
10407,12,S18_2870,41,132
10407,3,S18_4409,6,91.11
10407,4,S18_4933,66,64.14
10407,8,S24_1046,26,68.35
10407,10,S24_1628,64,45.78
10407,6,S24_2766,76,81.78
10407,5,S24_2887,59,98.65
10407,7,S24_3191,13,77.05
10407,9,S24_3432,43,101.73
10408,1,S24_3969,15,41.03
10409,2,S18_2325,6,104.25
10409,1,S24_1937,61,27.88
10410,7,S18_1342,65,99.66
10410,6,S18_1367,44,51.21
10410,8,S18_2795,56,145.13
10410,1,S18_2949,47,93.21
10410,3,S18_2957,53,49.97
10410,2,S18_3136,34,84.82
10410,5,S18_3320,44,81.35
10410,9,S24_2022,31,42.56
10410,4,S24_4258,50,95.44
10411,9,S10_1949,23,205.73
10411,2,S10_4962,27,144.79
10411,6,S12_1666,40,110.7
10411,8,S18_1097,27,109.67
10411,3,S18_4600,46,106.55
10411,7,S18_4668,35,41.25
10411,1,S32_1268,26,78.01
10411,5,S32_3522,27,60.76
10411,4,S700_2824,34,89.01
10412,5,S12_4473,54,100.73
10412,4,S18_2238,41,150.63
10412,8,S18_2319,56,120.28
10412,11,S18_2432,47,49.83
10412,9,S18_3232,60,157.49
10412,2,S24_1444,21,47.4
10412,10,S24_2300,70,109.9
10412,6,S24_2840,30,32.88
10412,1,S24_4048,31,108.82
10412,7,S32_2509,19,50.86
10412,3,S50_1392,26,105.33
10413,2,S12_1108,36,201.57
10413,3,S12_3148,47,145.04
10413,1,S12_3891,22,173.02
10413,5,S18_4027,49,133.57
10413,6,S32_3207,24,56.55
10413,4,S50_1514,51,53.31
10414,3,S10_4757,49,114.24
10414,1,S18_3029,44,77.42
10414,12,S18_3140,41,128.39
10414,14,S18_3259,48,85.71
10414,11,S18_4522,56,83.38
10414,10,S24_2011,43,108.14
10414,5,S24_3151,60,72.58
10414,2,S24_3816,51,72.96
10414,6,S700_1138,37,62
10414,13,S700_1938,34,74.48
10414,4,S700_2610,31,61.44
10414,7,S700_3505,28,84.14
10414,8,S700_3962,40,84.41
10414,9,S72_3212,47,54.6
10415,5,S18_3856,51,86.81
10415,1,S24_2841,21,60.97
10415,2,S24_3420,18,59.83
10415,4,S700_2047,32,73.32
10415,3,S72_1253,42,43.2
10416,14,S18_1662,24,129.31
10416,4,S18_2581,15,70.96
10416,6,S24_1785,47,90.82
10416,1,S24_2000,32,62.46
10416,13,S24_3949,18,64.83
10416,5,S24_4278,48,70.28
10416,2,S32_1374,45,86.9
10416,7,S32_4289,26,68.1
10416,8,S50_1341,37,39.71
10416,9,S700_1691,23,88.6
10416,11,S700_2466,22,84.76
10416,3,S700_2834,41,98.48
10416,10,S700_3167,39,65.6
10416,12,S700_4002,43,63.67
10417,2,S10_1678,66,79.43
10417,5,S10_2016,45,116.56
10417,4,S10_4698,56,162.67
10417,1,S12_2823,21,144.6
10417,6,S18_2625,36,58.75
10417,3,S24_1578,35,109.32
10418,2,S18_3278,16,70.76
10418,1,S18_3482,27,139.64
10418,5,S18_3782,33,56.57
10418,4,S18_4721,28,120.53
10418,8,S24_2360,52,64.41
10418,3,S24_4620,10,66.29
10418,6,S32_2206,43,36.61
10418,9,S32_4485,50,100.01
10418,7,S50_4713,40,72.41
10419,13,S12_1099,12,182.9
10419,11,S12_3380,10,111.57
10419,14,S12_3990,34,64.64
10419,10,S12_4675,32,99.04
10419,5,S18_1129,38,117.48
10419,1,S18_1589,37,100.8
10419,9,S18_1889,39,67.76
10419,4,S18_1984,34,133.72
10419,2,S18_2870,55,116.16
10419,6,S18_3232,35,165.95
10419,3,S18_3685,43,114.44
10419,7,S24_2972,15,32.1
10419,12,S24_3371,55,52.66
10419,8,S24_3856,70,112.34
10420,5,S18_1749,37,153
10420,4,S18_2248,36,52.06
10420,2,S18_2325,45,116.96
10420,6,S18_4409,66,73.62
10420,7,S18_4933,36,68.42
10420,11,S24_1046,60,60.26
10420,13,S24_1628,37,48.8
10420,1,S24_1937,45,32.19
10420,9,S24_2766,39,76.33
10420,8,S24_2887,55,115.09
10420,10,S24_3191,35,77.05
10420,12,S24_3432,26,104.94
10420,3,S24_3969,15,35.29
10421,1,S18_2795,35,167.06
10421,2,S24_2022,40,44.8
10422,2,S18_1342,51,91.44
10422,1,S18_1367,25,47.44
10423,1,S18_2949,10,89.15
10423,3,S18_2957,31,56.21
10423,2,S18_3136,21,98.44
10423,5,S18_3320,21,80.36
10423,4,S24_4258,28,78.89
10424,6,S10_1949,50,201.44
10424,3,S12_1666,49,121.64
10424,5,S18_1097,54,108.5
10424,4,S18_4668,26,40.25
10424,2,S32_3522,44,54.94
10424,1,S700_2824,46,85.98
10425,12,S10_4962,38,131.49
10425,4,S12_4473,33,95.99
10425,3,S18_2238,28,147.36
10425,7,S18_2319,38,117.82
10425,10,S18_2432,19,48.62
10425,8,S18_3232,28,140.55
10425,13,S18_4600,38,107.76
10425,1,S24_1444,55,53.75
10425,9,S24_2300,49,127.79
10425,5,S24_2840,31,31.82
10425,11,S32_1268,41,83.79
10425,6,S32_2509,11,50.32
10425,2,S50_1392,18,94.92
